DATAS;Open;High;Low;Close;Volume;Adjusted
04/01/2010;68587;70080;68587;70045;4090040923;70045
05/01/2010;70045;70594;69927;70239;5291956235;70239
06/01/2010;70236;70936;70016;70729;5347834233;70729
07/01/2010;70722;70722;70045;70451;4432724591;70451
08/01/2010;70455;70765;70158;70262;4366167989;70262
11/01/2010;70267;71068;70158;70433;4133910740;70433
12/01/2010;70428;70428;69284;70075;4275255029;70075
13/01/2010;70080;70626;69535;70385;4933125385;70385
14/01/2010;70376;70508;69661;69801;4997297754;69801
15/01/2010;69779;69787;68695;68978;4762878517;68978
18/01/2010;68983;69748;68983;69400;3215670894;69400
19/01/2010;69396;70036;68867;69908;3904477959;69908
20/01/2010;69901;69901;67546;68200;5129431167;68200
21/01/2010;68200;68458;65996;66270;5855884942;66270
22/01/2010;66263;66660;65445;66220;5519219327;66220
26/01/2010;66212;66212;64718;65523;5070391191;65523
27/01/2010;65527;65663;64553;65069;4770545818;65069
28/01/2010;65071;66049;64541;65587;4289017605;65587
29/01/2010;65591;66575;65140;65401;4863500475;65401
01/02/2010;65402;66763;65361;66571;4333211306;66571
02/02/2010;66588;67320;66538;67163;4107745632;67163
03/02/2010;67163;67346;66774;67108;4452461318;67108
04/02/2010;67100;67100;63749;63934;5750446301;63934
05/02/2010;63934;64000;61341;62762;6866149389;62762
08/02/2010;62759;63922;62727;63153;4571245732;63153
09/02/2010;63163;65525;63163;64718;5783735541;64718
10/02/2010;64721;65169;64320;65051;4232616934;65051
11/02/2010;65049;66145;64344;66128;5498839904;66128
12/02/2010;66128;66128;64965;65854;3979614467;65854
17/02/2010;65863;67542;65863;67284;4200304172;67284
18/02/2010;67284;67836;66550;67836;4068338501;67836
19/02/2010;67810;67935;67210;67597;3608861429;67597
22/02/2010;67598;68119;67035;67184;4028345459;67184
23/02/2010;67178;67178;65660;66108;4428962294;66108
24/02/2010;66110;66513;65534;65794;3842718676;65794
25/02/2010;65765;66324;64428;66121;4701898138;66121
26/02/2010;66117;66510;65607;66503;4920618973;66503
01/03/2010;66510;67397;66510;67227;3842062508;67227
02/03/2010;67227;68249;67227;67779;5131984481;67779
03/03/2010;67779;68813;67481;67641;5786530799;67641
04/03/2010;67642;68197;66923;67814;4137843084;67814
05/03/2010;67822;68930;67822;68846;5728591627;68846
08/03/2010;68850;69070;68318;68575;4550315370;68575
09/03/2010;68573;70143;68255;69576;7820790655;69576
10/03/2010;69577;70476;69577;69979;5909522248;69979
11/03/2010;69980;70183;69411;69884;4532293957;69884
12/03/2010;69900;70486;69341;69341;4190892868;69341
15/03/2010;69339;69384;68622;69023;3987431109;69023
16/03/2010;69023;69948;69021;69942;3690661499;69942
17/03/2010;69944;70423;69376;69723;3783382991;69723
18/03/2010;69725;70127;68972;69697;4304095487;69697
19/03/2010;69701;69998;68773;68828;4913731903;68828
22/03/2010;68813;69121;67899;69041;3626454247;69041
23/03/2010;69048;69612;68913;69386;4547057831;69386
24/03/2010;69382;69677;68743;68913;4250716034;68913
25/03/2010;68915;69571;68376;68441;4168680079;68441
26/03/2010;68442;68909;68024;68682;4483108818;68682
29/03/2010;68681;69942;68681;69939;4219143519;69939
30/03/2010;69941;70450;69750;69959;4073166801;69959
31/03/2010;69959;70391;69573;70371;4895222115;70371
01/04/2010;70374;71401;70373;71136;4438244659;71136
05/04/2010;71148;71645;71148;71289;3751378076;71289
06/04/2010;71289;71711;70822;71095;4692503879;71095
07/04/2010;71092;71257;70531;70792;4743616076;70792
08/04/2010;70792;71805;70461;71784;5086915367;71784
09/04/2010;71783;71989;71306;71417;4415095550;71417
12/04/2010;71413;71606;70505;70614;4389280744;70614
13/04/2010;70618;71053;70168;70792;4333204173;70792
14/04/2010;70793;71207;70628;71034;5342541249;71034
15/04/2010;71036;71065;70429;70524;7109872031;70524
16/04/2010;70521;70521;69012;69421;6226697185;69421
19/04/2010;69418;69431;68377;69097;4944678853;69097
20/04/2010;69100;69701;69100;69318;4635961332;69318
22/04/2010;69312;69527;68080;69386;4993193306;69386
23/04/2010;69387;69709;68831;69509;3890981923;69509
26/04/2010;69509;69810;68813;68871;3279123528;68871
27/04/2010;68868;68868;66499;66511;5767497237;66511
28/04/2010;66512;67253;65914;66655;5243012443;66655
29/04/2010;66660;68012;66660;67978;4200288088;67978
30/04/2010;67975;67975;67242;67529;5484873940;67529
03/05/2010;67533;67968;66722;67119;5089508258;67119
04/05/2010;67116;67116;64588;64869;8090933540;64869
05/05/2010;64859;65611;63533;64914;6292374423;64914
06/05/2010;64914;65533;60774;63414;7791615413;63414
07/05/2010;63416;63945;61662;62870;6394807825;62870
10/05/2010;62871;66083;62871;65452;5428304249;65452
11/05/2010;65448;65732;64424;64424;4966447265;64424
12/05/2010;64438;65351;64438;65223;4378496375;65223
13/05/2010;65222;65427;64737;64788;4155748180;64788
14/05/2010;64786;64786;63049;63412;5276333708;63412
17/05/2010;63406;63593;61824;62866;5704921824;62866
18/05/2010;62870;63529;60809;60841;5703244099;60841
19/05/2010;60841;60849;59068;59689;6724526599;59689
20/05/2010;59684;59684;57633;58192;6467471918;58192
21/05/2010;58192;60302;57996;60259;5453498991;60259
24/05/2010;60254;60849;59814;59915;3668595312;59915
25/05/2010;59911;59911;57876;59184;5689588196;59184
26/05/2010;59182;60701;59178;60190;7749422733;60190
27/05/2010;60191;62261;60188;62091;5418848528;62091
28/05/2010;62080;62246;61305;61946;4925797977;61946
31/05/2010;61949;63046;61949;63046;2936869615;63046
01/06/2010;63033;63033;61605;61840;4535975405;61840
02/06/2010;61836;63197;61813;62942;3702442957;62942
04/06/2010;62940;62940;61422;61675;4276467732;61675
07/06/2010;61674;62118;61099;61182;3915069020;61182
08/06/2010;61186;62000;61186;61793;3811438976;61793
09/06/2010;61799;62684;61478;61478;4065651125;61478
10/06/2010;61484;63146;61484;63048;3967004742;63048
11/06/2010;63043;63766;62370;63605;3168854954;63605
14/06/2010;63613;64295;63529;63532;3367766383;63532
15/06/2010;63533;64554;63533;64442;2885064500;64442
16/06/2010;64442;65097;63974;64750;5885869427;64750
17/06/2010;64744;65182;64114;64540;4468407253;64540
18/06/2010;64542;64940;64239;64437;5157199838;64437
21/06/2010;64441;65516;64441;64829;4267524829;64829
22/06/2010;64833;65830;64689;64810;4370751817;64810
23/06/2010;64811;65160;64247;65160;4169031469;65160
24/06/2010;65153;65153;63735;63936;4085614416;63936
25/06/2010;63936;64868;63806;64823;2613882682;64823
28/06/2010;64825;65104;64225;64225;2480608914;64225
29/06/2010;64215;64215;61670;61977;5527966856;61977
30/06/2010;61971;62644;60935;60935;5107737876;60935
01/07/2010;60934;61381;60055;61236;5848882029;61236
02/07/2010;61236;61811;60763;61429;3038044444;61429
05/07/2010;61435;61667;60796;60865;1933056335;60865
06/07/2010;60869;62450;60869;62064;4431352060;62064
07/07/2010;62066;63313;62004;63283;4665054083;63283
08/07/2010;63281;63595;62894;63476;4581470083;63476
12/07/2010;63477;63972;62749;62960;3271586725;62960
13/07/2010;62964;63777;62964;63685;4048594248;63685
14/07/2010;63685;63687;63014;63479;3660057115;63479
15/07/2010;63482;63612;62960;63489;3780948460;63489
16/07/2010;63486;63492;62298;62339;3316266389;62339
19/07/2010;62350;63299;62350;63297;3231750846;63297
20/07/2010;63289;64481;62901;64462;6125996367;64462
21/07/2010;64468;65136;64209;64476;4368272454;64476
22/07/2010;64503;66212;64503;65748;4898444671;65748
23/07/2010;65748;66322;65427;66322;3706231060;66322
26/07/2010;66321;66618;66150;66443;2941780775;66443
27/07/2010;66449;67102;66293;66674;4046209856;66674
28/07/2010;66669;67050;66427;66808;4659283045;66808
29/07/2010;66795;67428;66596;66953;4459837221;66953
30/07/2010;66950;67608;66217;67515;5246885272;67515
02/08/2010;67523;68753;67523;68517;4802424375;68517
03/08/2010;68516;68560;67942;67997;4640005187;67997
04/08/2010;67995;68534;67577;68272;4847779159;68272
05/08/2010;68271;68470;68002;68411;3953806449;68411
06/08/2010;68416;68508;67685;68094;3845603868;68094
09/08/2010;68096;68512;67749;67862;3195773403;67862
10/08/2010;67836;67836;66946;67223;4220495448;67223
11/08/2010;67216;67216;65690;65790;4315524152;65790
12/08/2010;65787;66027;65257;65966;3974558148;65966
13/08/2010;65963;66589;65921;66264;4661128278;66264
16/08/2010;66260;66867;66186;66701;4000313774;66701
17/08/2010;66701;67665;66701;67583;4375600443;67583
18/08/2010;67583;67745;67005;67638;5374536380;67638
19/08/2010;67640;67712;66823;66887;4326843214;66887
20/08/2010;66891;66891;66336;66677;3429821463;66677
23/08/2010;66677;67175;65981;65981;3293991460;65981
24/08/2010;65946;65946;65012;65156;3995120391;65156
25/08/2010;65156;65156;64163;64803;4300934444;64803
26/08/2010;64801;65270;63803;63867;4395935645;63867
27/08/2010;63875;65589;63847;65585;4229730168;65585
30/08/2010;65585;65585;64254;64260;3192519702;64260
31/08/2010;64261;65181;64201;65145;4878799130;65145
01/09/2010;65154;67072;65154;67072;5983850940;67072
02/09/2010;67072;67167;66404;66808;4012409606;66808
03/09/2010;66811;67672;66541;66678;5107529166;66678
06/09/2010;66678;66949;66379;66747;1649487187;66747
08/09/2010;66739;66739;66101;66407;4712499088;66407
09/09/2010;66411;66806;66352;66624;3790759665;66624
10/09/2010;66621;66919;66459;66806;3716198549;66806
13/09/2010;66807;68141;66807;68030;5087822674;68030
14/09/2010;68029;68092;67561;67691;6458371013;67691
15/09/2010;67689;68107;67119;68106;5195687619;68106
16/09/2010;68102;68102;67506;67662;3579286253;67662
17/09/2010;67664;67773;66992;67089;3956329826;67089
20/09/2010;67087;68241;67009;68190;4553140143;68190
21/09/2010;68188;68255;67528;67719;4635038893;67719
22/09/2010;67710;68549;67346;68325;6182950484;68325
23/09/2010;68320;69600;67892;68794;7867721651;68794
24/09/2010;68800;69571;68021;68196;9172168356;68196
27/09/2010;68197;68926;68011;68815;5759135112;68815
28/09/2010;68817;69431;68454;69227;4827762444;69227
29/09/2010;69224;69419;68958;69228;8145856281;69228
30/09/2010;69229;69736;68924;69429;6391541076;69429
01/10/2010;69438;70242;69227;70229;5904827150;70229
04/10/2010;70230;70551;70089;70384;4566529567;70384
05/10/2010;70389;71285;70389;71283;6974397514;71283
06/10/2010;71284;71290;70342;70541;7292257766;70541
07/10/2010;70545;70738;69313;69918;6406579075;69918
08/10/2010;69920;70827;69698;70808;5517343300;70808
11/10/2010;70810;71110;70810;70946;2967019273;70946
13/10/2010;70949;71994;70949;71674;7463997455;71674
14/10/2010;71675;71961;71263;71692;7366489102;71692
15/10/2010;71698;72139;71351;71830;5039221108;71830
18/10/2010;71830;71884;71340;71735;5631830476;71735
19/10/2010;71734;71734;69628;69863;6142802612;69863
20/10/2010;69863;70720;69813;70404;5180111383;70404
21/10/2010;70406;70958;68951;69652;6066689918;69652
22/10/2010;69658;70311;68847;69529;5263563798;69529
25/10/2010;69535;70230;69450;69580;4419276721;69580
26/10/2010;69582;70833;69054;70740;5496139903;70740
27/10/2010;70735;70844;70059;70568;5576621752;70568
28/10/2010;70572;71262;70233;70320;5400514762;70320
29/10/2010;70322;70775;70322;70673;5436053999;70673
01/11/2010;70686;71751;70673;71560;3608376845;71560
03/11/2010;71560;72109;71510;71904;5675884072;71904
04/11/2010;71909;73103;71909;72995;5866206680;72995
05/11/2010;72987;72987;72534;72606;4508390270;72606
08/11/2010;72606;72875;72336;72657;4210889664;72657
09/11/2010;72654;73044;71651;71679;5236421350;71679
10/11/2010;71673;71854;70867;71638;5569626986;71638
11/11/2010;71638;71638;70940;71195;4561211554;71195
12/11/2010;71191;71191;70004;70367;4937955615;70367
16/11/2010;70364;70364;68662;69192;5441503800;69192
17/11/2010;69189;70079;69187;69708;3483929720;69708
18/11/2010;69716;70904;69716;70781;4718329041;70781
19/11/2010;70773;70897;70235;70897;3752307803;70897
22/11/2010;70897;70897;69201;69632;3930367317;69632
23/11/2010;69628;69628;67727;67952;5017526141;67952
24/11/2010;67954;69745;67954;69629;4939730216;69629
25/11/2010;69634;69780;69361;69361;1866946775;69361
26/11/2010;69349;69349;68219;68226;3559362114;68226
29/11/2010;68218;68421;67102;67908;4068297546;67908
30/11/2010;67900;68476;67270;67705;6683671591;67705
01/12/2010;67731;69605;67731;69345;4850422132;69345
02/12/2010;69341;69942;69218;69527;4452547871;69527
03/12/2010;69529;69963;68943;69766;4686130616;69766
06/12/2010;69759;69931;69377;69551;3447867523;69551
07/12/2010;69563;70589;69337;69337;4433207751;69337
08/12/2010;69338;69353;68046;68174;4708700267;68174
09/12/2010;68173;68561;67563;67879;4870548081;67879
10/12/2010;67889;68514;67866;68341;4160812719;68341
13/12/2010;68341;69221;68341;69126;4341719896;69126
14/12/2010;69126;69126;68531;68742;3953629568;68742
15/12/2010;68740;68740;67711;67870;6573178527;67870
16/12/2010;67874;68376;67137;67306;4798331918;67306
17/12/2010;67304;67981;66947;67981;4341703443;67981
20/12/2010;67979;68196;67263;67263;4938082272;67263
21/12/2010;67261;68461;67261;68214;3826791288;68214
22/12/2010;68218;68471;67727;68470;3546088218;68470
23/12/2010;68470;68561;68249;68485;2546854149;68485
27/12/2010;68476;68476;67803;67803;2353434976;67803
28/12/2010;67810;68104;67810;68040;3208207328;68040
29/12/2010;68043;69039;68043;68952;3437207454;68952
30/12/2010;68953;69527;68940;69304;4739039155;69304
03/01/2011;69309;70470;69304;69962;4492862191;69962
04/01/2011;69962;70317;69559;70317;5844493071;70317
05/01/2011;70311;71172;69801;71091;5637829856;71091
06/01/2011;71092;71167;70469;70578;5979612818;70578
07/01/2011;70579;70782;69718;70057;4305502166;70057
10/01/2011;70056;70133;69666;70127;3833828144;70127
11/01/2011;70145;70647;70145;70423;5131654181;70423
12/01/2011;70429;71632;70429;71632;6390057883;71632
13/01/2011;71631;71923;70719;70721;5238572342;70721
14/01/2011;70722;71184;70396;70940;4255626863;70940
17/01/2011;70939;70939;70544;70609;3857228439;70609
18/01/2011;70612;71093;70612;70919;4785725861;70919
19/01/2011;70921;71189;69966;70058;4581055322;70058
20/01/2011;70056;70083;69176;69561;5779858551;69561
21/01/2011;69559;70026;69095;69133;4384051919;69133
24/01/2011;69134;69512;68786;69426;3180545057;69426
26/01/2011;69426;69556;68514;68709;5297871387;68709
27/01/2011;68716;69107;67774;68050;5151532327;68050
28/01/2011;68050;68181;65897;66697;5969647134;66697
31/01/2011;66697;67165;66270;66574;5203335095;66574
01/02/2011;66574;67921;66574;67847;5036573408;67847
02/02/2011;67844;68011;66643;66688;5608897823;66688
03/02/2011;66688;66848;66090;66764;5120465392;66764
04/02/2011;66752;66946;65159;65269;5830360427;65269
07/02/2011;65272;65892;64915;65362;4315552828;65362
08/02/2011;65359;66237;65110;65771;6067508874;65771
09/02/2011;65767;65767;64016;64217;5785718605;64217
10/02/2011;64217;65106;64184;64577;5266133413;64577
11/02/2011;64581;65890;64562;65755;5289156846;65755
14/02/2011;65751;66743;65461;66557;4296537207;66557
15/02/2011;66557;66860;66117;66341;5160573553;66341
16/02/2011;66341;67793;66341;67570;5688073175;67570
17/02/2011;67579;67875;67106;67684;4856776966;67684
18/02/2011;67684;68225;67385;68066;4443208956;68066
21/02/2011;68066;68066;67084;67258;3387042275;67258
22/02/2011;67254;67569;66342;66439;7119767620;66439
23/02/2011;66439;67265;66049;66910;7700466109;66910
24/02/2011;66909;67343;66692;66948;6550946541;66948
25/02/2011;66951;67632;66331;66902;5479644069;66902
28/02/2011;66909;67458;66686;67383;5734808410;67383
01/03/2011;67380;67708;66242;66242;4753548646;66242
02/03/2011;66241;67281;66101;67281;5445592400;67281
03/03/2011;67283;68188;67283;68145;4986406988;68145
04/03/2011;68137;68219;67513;68012;4433044865;68012
09/03/2011;68010;68056;67108;67263;3383188180;67263
10/03/2011;67255;67255;65853;66040;6014769363;66040
11/03/2011;66041;67014;65558;66684;5703819672;66684
14/03/2011;66684;67333;66087;67169;4064160758;67169
15/03/2011;67167;67167;65463;67005;6212299963;67005
16/03/2011;67010;67502;65662;66002;7063817897;66002
17/03/2011;66016;66950;66014;66215;4575363782;66215
18/03/2011;66216;67384;66216;66879;5833669007;66879
21/03/2011;66886;67675;66656;66689;5342806384;66689
22/03/2011;66683;67630;66531;67578;5511607425;67578
23/03/2011;67570;67917;67316;67795;4931766750;67795
24/03/2011;67798;68008;67405;67532;4076436714;67532
25/03/2011;67528;68256;67496;67765;4688081499;67765
28/03/2011;67766;68070;67192;67192;3493006857;67192
29/03/2011;67194;67862;67046;67418;4092605226;67418
30/03/2011;67422;68003;67422;67997;4284256543;67997
31/03/2011;68000;68606;68000;68586;5226864759;68586
01/04/2011;68588;69387;68588;69268;5387832394;69268
04/04/2011;69269;69787;69269;69703;4507706442;69703
05/04/2011;69703;70046;69464;69837;5736710262;69837
06/04/2011;69841;70107;68954;69036;4693649113;69036
07/04/2011;69039;69333;68695;69176;5013245057;69176
08/04/2011;69179;69429;68471;68718;4889787956;68718
11/04/2011;68718;69176;68029;68164;4350082225;68164
12/04/2011;68153;68153;66721;66896;5644344853;66896
13/04/2011;66908;67410;66251;66486;5543477392;66486
14/04/2011;66483;67041;66089;66278;5083931597;66278
15/04/2011;66281;66765;65832;66684;4862406659;66684
18/04/2011;66688;66705;65158;65415;6223974888;65415
19/04/2011;65416;66256;65416;66158;4470469431;66158
20/04/2011;66164;67076;66164;67058;5274029945;67058
25/04/2011;67058;67124;66552;66972;3158268725;66972
26/04/2011;66971;67413;66722;67144;3916592889;67144
27/04/2011;67142;67228;65885;66264;4842220539;66264
28/04/2011;66249;66249;65105;65673;6332900444;65673
29/04/2011;65664;66293;65460;66132;5396293046;66132
02/05/2011;66119;66500;65345;65462;0;65462
03/05/2011;65457;65468;64243;64318;4828915497;64318
04/05/2011;64320;64807;63547;63615;5542350172;63615
05/05/2011;63608;64267;62972;63407;5885973552;63407
06/05/2011;63422;64703;63422;64417;5333359007;64417
09/05/2011;64415;64781;64149;64621;3983818329;64621
10/05/2011;64621;65143;64618;64876;4198565667;64876
11/05/2011;64876;64876;63621;63775;4940067918;63775
12/05/2011;63771;64328;63125;64003;4811405480;64003
13/05/2011;64003;64165;63063;63235;4967599256;63235
16/05/2011;63233;63828;62675;62829;4764877218;62829
17/05/2011;62830;63680;62414;63673;4286330880;63673
18/05/2011;63675;64015;62830;62840;4848121325;62840
19/05/2011;62843;63607;62224;62367;4372074093;62367
20/05/2011;62369;63043;62086;62596;4140079231;62596
23/05/2011;62596;62596;61658;62345;3273626570;62345
24/05/2011;62350;63414;62350;63336;3840877956;63336
25/05/2011;63328;63857;63024;63388;3455074441;63388
26/05/2011;63388;64121;63231;64098;5235373082;64098
27/05/2011;64100;64548;64092;64294;3788254107;64294
30/05/2011;64294;64460;63914;63953;1206268544;63953
31/05/2011;63960;64620;63931;64620;5093188895;64620
01/06/2011;64616;64673;63401;63411;4661256882;63411
02/06/2011;63410;64218;63277;64218;4523717289;64218
03/06/2011;64216;64978;63628;64340;4755499850;64340
06/06/2011;64340;64512;62959;63067;3769579705;63067
07/06/2011;63071;63784;63071;63217;4451058987;63217
08/06/2011;63204;63353;62709;63032;3965725933;63032
09/06/2011;63036;63772;62872;63468;4174013820;63468
10/06/2011;63470;63478;62495;62697;3793149315;62697
13/06/2011;62701;62967;62021;62022;3029845476;62022
14/06/2011;62023;62697;62023;62204;3695302512;62204
15/06/2011;62198;62198;61448;61603;5200180723;61603
16/06/2011;61602;62040;60489;60880;4198354449;60880
17/06/2011;60882;61268;60565;61059;4030380424;61059
20/06/2011;61059;61571;60783;61168;3913043780;61168
21/06/2011;61187;61542;61178;61423;3430872399;61423
22/06/2011;61420;61858;61194;61194;4074251190;61194
24/06/2011;61191;61458;60920;61016;3087307133;61016
27/06/2011;61017;61456;60771;61216;3352280669;61216
28/06/2011;61216;62308;61216;62303;4040786025;62303
29/06/2011;62303;62624;62032;62333;5114359381;62333
30/06/2011;62337;62574;61959;62403;3935979307;62403
01/07/2011;62403;63454;62148;63394;5507519209;63394
04/07/2011;63396;63891;63314;63891;1848668151;63891
05/07/2011;63886;63886;63030;63038;3690846320;63038
06/07/2011;63038;63038;62390;62565;3328164876;62565
07/07/2011;62573;63206;62207;62207;3886252127;62207
08/07/2011;62206;62206;61366;61513;3619504474;61513
11/07/2011;61501;61501;60098;60223;3780418563;60223
12/07/2011;60219;60516;59704;59704;4198472897;59704
13/07/2011;59717;60846;59717;60669;5084411198;60669
14/07/2011;60672;60684;59451;59679;5061477018;59679
15/07/2011;59679;60104;59180;59478;4122170251;59478
18/07/2011;59478;59479;58630;58837;4441709028;58837
19/07/2011;58837;59394;58676;59082;3850648249;59082
20/07/2011;59094;59551;59044;59119;3855350264;59119
21/07/2011;59120;60441;59119;60262;4315413706;60262
22/07/2011;60263;60696;60076;60270;3674812003;60270
25/07/2011;60263;60285;59639;59970;3518457662;59970
26/07/2011;59972;60204;59261;59339;4523716297;59339
27/07/2011;59336;59336;58168;58288;5033077117;58288
28/07/2011;58297;59166;58290;58708;4491960020;58708
29/07/2011;58703;58952;58009;58823;5066284450;58823
01/08/2011;58823;59541;58167;58535;4158959000;58535
02/08/2011;58525;58673;57258;57310;5170096135;57310
03/08/2011;57318;57352;55249;56017;6529698221;56017
04/08/2011;55999;55999;52628;52811;7936740399;52811
05/08/2011;52811;53865;51152;52949;7162632023;52949
08/08/2011;52938;52938;47793;48668;7838327291;48668
09/08/2011;48670;51150;48666;51150;8514081227;51150
10/08/2011;51150;52163;49946;51395;6676097583;51395
11/08/2011;51398;53723;51398;53343;6831079882;53343
12/08/2011;53343;53642;52649;53473;5648470158;53473
15/08/2011;53478;54967;53474;54651;4430785365;54651
16/08/2011;54651;54651;53539;54323;4599262785;54323
17/08/2011;54323;55073;53827;55073;5337313540;55073
18/08/2011;55036;55036;52246;53134;5785161789;53134
19/08/2011;53135;53601;52335;52447;4717230600;52447
22/08/2011;52471;53552;52397;52440;3726737715;52440
23/08/2011;52439;53786;51853;53786;4689299354;53786
24/08/2011;53786;54279;52992;53795;4486923768;53795
25/08/2011;53796;54155;52677;52953;4169250046;52953
26/08/2011;52955;53597;51971;53350;4074112205;53350
29/08/2011;53356;55026;53356;54860;4186078692;54860
30/08/2011;54860;55768;54424;55385;4137929425;55385
31/08/2011;55399;56495;55399;56495;5553046183;56495
01/09/2011;56498;58589;56498;58118;7775173827;58118
02/09/2011;58113;58113;56301;56531;5749946725;56531
05/09/2011;56520;56520;54817;54998;2678641239;54998
06/09/2011;54998;56676;54121;56607;5105538654;56607
08/09/2011;56608;58241;56608;57623;5030019041;57623
09/09/2011;57614;57614;55527;55778;4355412975;55778
12/09/2011;55772;55792;54309;55685;4202817147;55685
13/09/2011;55690;56336;55166;55543;4014857917;55543
14/09/2011;55543;56776;55089;56286;5017935186;56286
15/09/2011;56287;57161;56196;56381;4048223263;56381
16/09/2011;56381;57210;56257;57210;3826641311;57210
19/09/2011;57208;57208;56059;57102;4856999540;57102
20/09/2011;57104;57619;56378;56378;4965257664;56378
21/09/2011;56381;57599;55914;55981;5376296014;55981
22/09/2011;55980;55980;52706;53280;6556459723;53280
23/09/2011;53272;53855;52754;53230;4864332329;53230
26/09/2011;53242;53872;52398;53747;4027446222;53747
27/09/2011;53751;54992;53751;53920;4379685190;53920
28/09/2011;53921;54796;53257;53270;4099569301;53270
29/09/2011;53276;54207;52848;53384;4144459490;53384
30/09/2011;53384;53384;51897;52324;5054633825;52324
03/10/2011;52319;52319;50791;50791;5093403440;50791
04/10/2011;50789;50789;49432;50686;6375775853;50686
05/10/2011;50682;51198;50209;51013;4596045747;51013
06/10/2011;51015;52728;51015;52290;5087503820;52290
07/10/2011;52290;52891;50901;51243;4401433383;51243
10/10/2011;51243;53293;51243;53273;4014095741;53273
11/10/2011;53270;54113;52819;53838;5070894536;53838
13/10/2011;53836;54751;53308;54601;6583302943;54601
14/10/2011;54602;55179;54447;55030;4548969318;55030
17/10/2011;55021;55021;53535;53911;4343683163;53911
18/10/2011;53915;55224;53188;55031;4928751453;55031
19/10/2011;55037;55244;54483;54966;4829578218;54966
20/10/2011;54953;54953;53609;54009;4459666979;54009
21/10/2011;54013;55504;54013;55255;4025439711;55255
24/10/2011;55259;57225;55259;56891;5532780368;56891
25/10/2011;56884;56884;55769;56285;4495283568;56285
26/10/2011;56305;57333;56248;57143;4636839012;57143
27/10/2011;57145;59901;57145;59270;8170926365;59270
28/10/2011;59270;59668;58759;59513;5082880032;59513
31/10/2011;59512;59512;58093;58338;4826559285;58338
01/11/2011;58300;58300;56099;57322;5573350697;57322
03/11/2011;57326;58481;57326;58196;5319463282;58196
04/11/2011;58185;58804;57546;58669;4121272786;58669
07/11/2011;58669;59440;58645;59198;3827237792;59198
08/11/2011;59205;59616;58505;59026;3873266925;59026
09/11/2011;59010;59010;57201;57549;4791152402;57549
10/11/2011;57560;58313;57294;57321;3626774972;57321
11/11/2011;57324;58747;57324;58546;3703241443;58546
14/11/2011;58538;58716;58013;58258;2981882119;58258
16/11/2011;58255;58877;57784;58559;4867389833;58559
17/11/2011;58549;58555;56663;56988;5512978376;56988
18/11/2011;56988;57477;56417;56731;4199215154;56731
21/11/2011;56721;56721;55504;56284;5433957020;56284
22/11/2011;56289;56570;55608;55878;4438864027;55878
23/11/2011;55878;55878;54812;54972;4287778937;54972
24/11/2011;54978;55519;54537;55279;2197890794;55279
25/11/2011;55270;55609;54741;54894;3165313836;54894
28/11/2011;54899;56443;54899;56017;3831754325;56017
29/11/2011;56027;56363;55299;55299;4511660642;55299
30/11/2011;55307;57591;55307;56874;7901541885;56874
01/12/2011;56876;58302;56876;58143;5712290847;58143
02/12/2011;58146;58979;57618;57885;5042928066;57885
05/12/2011;57893;59244;57893;58910;4760928026;58910
06/12/2011;58909;59575;58496;59536;3867677217;59536
07/12/2011;59533;59534;58580;58662;4542273461;58662
08/12/2011;58664;59216;57259;57455;5058612458;57455
09/12/2011;57455;58540;57455;58236;3617500281;58236
12/12/2011;58234;58234;56838;57346;3726380025;57346
13/12/2011;57355;58153;57333;57494;4744615346;57494
14/12/2011;57495;57495;56646;56646;6602332831;56646
15/12/2011;56646;57332;56232;56331;4712174614;56331
16/12/2011;56334;56823;56086;56096;3979983841;56096
19/12/2011;56100;56375;55298;55298;4106157481;55298
20/12/2011;55301;56864;55301;56864;4722338928;56864
21/12/2011;56864;56864;56046;56653;3907792368;56653
22/12/2011;56655;57459;56557;57347;3705140983;57347
23/12/2011;57347;57791;57347;57701;3002233247;57701
26/12/2011;57701;57856;57669;57669;943692861;57669
27/12/2011;57665;58110;57610;58005;2518485468;58005
28/12/2011;58006;58010;56447;56533;2883864473;56533
29/12/2011;56533;56945;56312;56754;3862524889;56754
02/01/2012;56755;57993;56649;57829;3340276616;57829
03/01/2012;57835;59288;57835;59264;5139448500;59264
04/01/2012;59263;59518;58557;59364;4220530623;59364
05/01/2012;59353;59353;57962;58546;4474779881;58546
06/01/2012;58564;59260;58355;58600;3528678752;58600
09/01/2012;58601;59220;58598;59082;3634138445;59082
10/01/2012;59089;60111;59089;59805;4881573770;59805
11/01/2012;59798;60093;59422;59962;4199942413;59962
12/01/2012;59965;60503;59586;59920;4610727284;59920
13/01/2012;59917;59917;58874;59146;5362235173;59146
16/01/2012;59146;59981;59146;59956;3423047538;59956
17/01/2012;59961;60890;59961;60645;5131957487;60645
18/01/2012;60643;61722;60610;61722;5602003264;61722
19/01/2012;61726;62181;61565;61926;5590263572;61926
20/01/2012;61932;62312;61592;62312;4427976743;62312
23/01/2012;62311;62693;61908;62386;4873352612;62386
24/01/2012;62386;62535;61666;62486;5405030721;62486
26/01/2012;62486;63804;62485;62953;6402435869;62953
27/01/2012;62954;63263;62769;62904;4808527272;62904
30/01/2012;62901;62901;61989;62770;4805518710;62770
31/01/2012;62772;63393;62663;63072;7208447616;63072
01/02/2012;63085;64567;63085;64567;7722681677;64567
02/02/2012;64568;64854;64224;64593;6426820355;64593
03/02/2012;64588;65619;64136;65217;6199900711;65217
06/02/2012;65216;65229;64743;65223;3801511690;65223
07/02/2012;65213;65944;64800;65917;6393153003;65917
08/02/2012;65917;66383;65647;65831;6385478704;65831
09/02/2012;65831;66323;65188;65530;5731732440;65530
10/02/2012;65525;65525;63879;63997;7544730410;63997
13/02/2012;63998;65713;63998;65691;5621241971;65691
14/02/2012;65699;65855;64825;65038;5966730137;65038
15/02/2012;65041;66003;65041;65368;7372113030;65368
16/02/2012;65364;66161;64798;66141;6748980345;66141
17/02/2012;66158;66561;65823;66203;5102225516;66203
22/02/2012;66204;66290;65850;66092;3915094208;66092
23/02/2012;66084;66328;65589;65819;5067090708;65819
24/02/2012;65819;66335;65819;65942;4817670067;65942
27/02/2012;65938;65953;65067;65241;4513538665;65241
28/02/2012;65244;66152;65240;65958;5405730801;65958
29/02/2012;65970;66661;65532;65811;6204744117;65811
29/02/2012;65970;66661;65532;65811;6204744117;65811
01/03/2012;65811;66930;65811;66809;5030058603;66809
02/03/2012;66810;67790;66810;67781;5067331063;67781
05/03/2012;67782;67782;66755;66964;4837449178;66964
06/03/2012;66962;66962;64892;65114;5723196611;65114
07/03/2012;65123;66052;65123;66016;5603536248;66016
08/03/2012;66032;67271;66032;66908;5923113970;66908
09/03/2012;66908;67419;66679;66703;4972917791;66703
12/03/2012;66686;66686;65965;66384;4447060685;66384
13/03/2012;66385;68419;66385;68394;6544528191;68394
14/03/2012;68386;68969;67797;68257;5912063421;68257
15/03/2012;68259;68259;67458;67749;5413188777;67749
16/03/2012;67749;68152;67504;67684;5320874604;67684
19/03/2012;67684;68159;67546;67730;4651072772;67730
20/03/2012;67724;67724;66704;67295;4409698378;67295
21/03/2012;67297;67436;66762;66860;3887977844;66860
22/03/2012;66860;66860;65534;65828;5302146228;65828
23/03/2012;65831;66252;65576;65812;4937386611;65812
26/03/2012;65817;66775;65817;66684;4106346070;66684
27/03/2012;66682;66967;65924;66037;5270799965;66037
28/03/2012;66031;66031;64819;65079;5250755237;65079
29/03/2012;65074;65074;64095;64871;5706014498;64871
30/03/2012;64875;65363;64245;64510;6304407403;64510
02/04/2012;64514;65593;64198;65216;5617869699;65216
03/04/2012;65217;65530;64015;64284;4798699246;64284
04/04/2012;64301;64301;63450;63528;5314060230;63528
05/04/2012;63518;64298;63383;63691;4780295894;63691
09/04/2012;63690;63690;62461;62923;3426871880;62923
10/04/2012;62922;62922;61343;61738;5744597421;61738
11/04/2012;61741;62356;61291;61293;5406888512;61293
12/04/2012;61300;63061;61300;63058;6506595623;63058
13/04/2012;63039;63039;61777;62105;5834151765;62105
16/04/2012;62119;62688;61465;61954;4864064850;61954
17/04/2012;61959;62961;61959;62698;5267979785;62698
18/04/2012;62695;63243;62429;63010;7131745435;63010
19/04/2012;63007;63274;62478;62618;4134122662;62618
20/04/2012;62620;63369;62430;62494;4015104336;62494
23/04/2012;62494;62494;60897;61539;4228768061;61539
24/04/2012;61536;62000;61380;61971;4412280087;61971
25/04/2012;61988;62440;61327;61750;6247967934;61750
26/04/2012;61750;62282;61032;62198;6154152245;62198
27/04/2012;62202;62486;61666;61691;4522361670;61691
30/04/2012;61691;61900;61230;61820;3812899844;61820
02/05/2012;61820;62502;61593;62423;5942560033;62423
03/05/2012;62426;62782;61731;62104;5423449915;62104
04/05/2012;62103;62166;60438;60820;8209096763;60820
07/05/2012;60801;61299;60391;61220;5032641363;61220
08/05/2012;61217;61217;59871;60365;5526435853;60365
09/05/2012;60345;60345;59198;59786;5206340648;59786
10/05/2012;59795;60751;59636;59702;4562755636;59702
11/05/2012;59702;60340;59138;59445;4498840436;59445
14/05/2012;59443;59443;57538;57539;4713701307;57539
15/05/2012;57539;58024;56144;56237;6074189404;56237
16/05/2012;56245;57693;55415;55887;6738364901;55887
17/05/2012;55886;56295;54038;54038;6325415923;54038
18/05/2012;54032;54913;53856;54513;6902921200;54513
21/05/2012;54515;56678;54515;56590;6064240050;56590
22/05/2012;56586;56586;54886;55038;5647328880;55038
23/05/2012;55038;55051;53028;54619;6659650342;54619
24/05/2012;54619;54819;53176;54063;5742563234;54063
25/05/2012;54061;54970;53846;54463;4248263435;54463
28/05/2012;54466;55608;54466;55212;2382997200;55212
29/05/2012;55213;55763;54554;54633;4849277858;54633
30/05/2012;54632;54632;53382;53797;5032813639;53797
31/05/2012;53804;54508;53089;54490;7151964876;54490
01/06/2012;54488;54488;53086;53402;4795028872;53402
04/06/2012;53407;53959;53367;53416;3807207539;53416
05/06/2012;53413;53917;52481;52481;3843472273;52481
06/06/2012;52486;54194;52486;54156;5715733648;54156
08/06/2012;54149;54432;53684;54429;4273997277;54429
11/06/2012;54434;55400;53904;54001;4160205598;54001
12/06/2012;54001;55049;53906;55049;4552874458;55049
13/06/2012;55041;55988;54523;55650;6365110363;55650
14/06/2012;55641;55768;54952;55351;5065327341;55351
15/06/2012;55349;56104;55202;56104;6953574051;56104
18/06/2012;56066;56578;55486;56195;5016227982;56195
19/06/2012;56210;57567;56210;57195;6353594684;57195
20/06/2012;57196;57611;56528;57166;5150813143;57166
21/06/2012;57162;57218;55505;55505;4320755304;55505
22/06/2012;55518;56019;55083;55439;3530043947;55439
25/06/2012;55405;55405;53694;53805;3649268581;53805
26/06/2012;53805;54193;53397;53836;4886599960;53836
27/06/2012;53837;54005;53083;53108;4672814058;53108
28/06/2012;53106;53305;52271;52652;4437688349;52652
29/06/2012;52656;54354;52656;54354;5008315627;54354
02/07/2012;54355;54753;53960;54692;3827136059;54692
03/07/2012;54703;56228;54703;55780;5963673658;55780
04/07/2012;55780;56322;55485;56076;2200187185;56076
05/07/2012;56083;56943;55828;56379;5113703862;56379
06/07/2012;56376;56376;54967;55394;4055880528;55394
10/07/2012;55392;55588;53667;53705;4978849472;53705
11/07/2012;53708;54135;53232;53569;4353671347;53569
12/07/2012;53563;53615;52489;53420;4351228289;53420
13/07/2012;53421;54427;53420;54330;4490873996;54330
16/07/2012;54315;54418;53215;53401;4174019196;53401
17/07/2012;53402;54037;53118;53909;3800481951;53909
18/07/2012;53908;54587;53551;54583;3681465709;54583
19/07/2012;54587;55490;54587;55346;4236803673;55346
20/07/2012;55337;55337;54137;54194;4514684666;54194
23/07/2012;54183;54183;52212;53033;4277157718;53033
24/07/2012;53037;53416;52399;52638;4838458987;52638
25/07/2012;52658;53232;52345;52607;3857754084;52607
26/07/2012;52638;54126;52638;54002;5707421056;54002
27/07/2012;54024;57046;54024;56553;7478838097;56553
30/07/2012;56550;57240;56089;57240;4374046624;57240
31/07/2012;57242;57465;56097;56097;5431022591;56097
01/08/2012;56091;56735;55424;56291;4665993374;56291
02/08/2012;56288;56288;55239;55520;4536699297;55520
03/08/2012;55523;57399;55523;57255;5165604885;57255
06/08/2012;57255;58995;56893;58344;5453827178;58344
07/08/2012;58342;59316;57678;57725;5421967710;57725
08/08/2012;57723;58963;57603;58950;5617867811;58950
09/08/2012;58949;59201;58115;58797;4399352456;58797
10/08/2012;58774;59365;58127;59280;4763394423;59280
13/08/2012;59280;59543;58600;59122;3818058830;59122
14/08/2012;59122;59605;57903;58082;5324443278;58082
15/08/2012;58082;58374;57630;58189;6320315251;58189
16/08/2012;58190;59543;58190;59445;5102378346;59445
17/08/2012;59443;59822;58943;59082;4478265600;59082
20/08/2012;59082;59462;58629;59283;4657510284;59283
21/08/2012;59297;60208;58684;58917;5692257438;58917
22/08/2012;58917;59584;58442;59380;5303009254;59380
23/08/2012;59381;59381;58145;58511;5118611757;58511
24/08/2012;58510;58750;57833;58425;4870664292;58425
27/08/2012;58424;58461;57852;58111;3584215091;58111
28/08/2012;58108;58745;57976;58406;3946337452;58406
29/08/2012;58413;58552;57060;57369;5506266964;57369
30/08/2012;57365;57507;56900;57256;4353782699;57256
31/08/2012;57257;57834;56719;57061;7699119434;57061
03/09/2012;57065;57456;56954;57281;2980942574;57281
04/09/2012;57272;57272;56202;56233;4675443486;56233
05/09/2012;56236;56904;56236;56863;4516382711;56863
06/09/2012;56868;58328;56868;58321;5651690404;58321
10/09/2012;58324;59420;58324;58404;6681859431;58404
11/09/2012;58404;59514;58404;59422;5845012042;59422
12/09/2012;59428;60135;59205;59921;8284045314;59921
13/09/2012;59920;62116;59629;61958;9573039172;61958
14/09/2012;61954;63428;61823;62105;10502777465;62105
17/09/2012;62105;62691;61551;61805;7064411018;61805
18/09/2012;61805;62131;61446;61804;5240284387;61804
19/09/2012;61806;62514;61518;61651;5660663254;61651
20/09/2012;61651;61908;60960;61687;4966519959;61687
21/09/2012;61694;62223;61300;61320;5001258830;61320
24/09/2012;61319;61931;61075;61909;5703311388;61909
25/09/2012;61913;61947;60357;60501;6887090253;60501
26/09/2012;60506;60506;59724;60478;5182615458;60478
27/09/2012;60482;60888;59876;60239;5323134978;60239
28/09/2012;60239;60239;58864;59175;6627158492;59175
01/10/2012;59171;60215;59171;59570;4613638294;59570
02/10/2012;59574;60090;59027;59222;4624015441;59222
03/10/2012;59222;59483;58541;58627;4554063370;58627
04/10/2012;58627;59002;58104;58458;5049572413;58458
05/10/2012;58460;59440;58414;58571;5053081399;58571
08/10/2012;58571;59317;58169;59317;4323961867;59317
09/10/2012;59318;59696;58615;58939;4942927097;58939
10/10/2012;58944;59319;58340;58456;4236844088;58456
11/10/2012;58460;59359;58460;59161;4446272987;59161
15/10/2012;59164;59757;58789;59601;5099885059;59601
16/10/2012;59602;60411;59484;59743;5883283479;59743
17/10/2012;59742;60397;59682;60087;6573536011;60087
18/10/2012;60087;60087;59321;59733;5590465985;59733
19/10/2012;59701;59846;58782;58922;4785861381;58922
22/10/2012;58924;59204;58540;58700;4005842332;58700
23/10/2012;58678;58678;57387;57690;5078331128;57690
24/10/2012;57685;57985;57158;57160;4366479207;57160
25/10/2012;57160;58273;57160;57836;4913750388;57836
26/10/2012;57833;57833;57060;57276;4410229815;57276
29/10/2012;57266;57266;56580;57176;2425205700;57176
30/10/2012;57178;57763;57178;57683;2260852043;57683
31/10/2012;57682;57935;56929;57068;4390023524;57068
01/11/2012;57065;58382;56959;58382;4824526128;58382
05/11/2012;58374;58374;57550;58209;4076004301;58209
06/11/2012;58220;59560;58173;59458;4779409731;59458
07/11/2012;59460;59460;58274;58517;4523812107;58517
08/11/2012;58522;59007;57420;57524;4998778474;57524
09/11/2012;57516;58108;56861;57357;4845650911;57357
12/11/2012;57357;57712;56987;57064;2918061263;57064
13/11/2012;57048;57529;56593;57486;4648560980;57486
14/11/2012;57472;57472;56038;56279;4845608404;56279
16/11/2012;56276;56276;55125;55402;4867762648;55402
19/11/2012;55387;56666;55387;56450;4018793487;56450
21/11/2012;56453;56789;55946;56242;5332737673;56242
22/11/2012;56245;56642;56242;56436;2545491756;56436
23/11/2012;56438;57574;56247;57574;3943871701;57574
26/11/2012;57571;57572;56501;56737;3865581433;56737
27/11/2012;56737;57419;56248;56248;4851922804;56248
28/11/2012;56205;56590;55685;56539;4992877277;56539
29/11/2012;56562;57852;56562;57852;5037060116;57852
30/11/2012;57845;58030;56704;57474;7947828114;57474
03/12/2012;57479;58332;57479;58202;5194108410;58202
04/12/2012;58211;58519;57546;57563;5066296935;57563
05/12/2012;57596;58126;57231;57678;5171170168;57678
06/12/2012;57684;57860;57128;57656;4584985890;57656
07/12/2012;57656;58594;57635;58487;4178084305;58487
10/12/2012;58467;59248;58090;59248;4274971022;59248
11/12/2012;59257;59746;58950;59623;5514371440;59623
12/12/2012;59625;59858;59290;59474;6280094247;59474
13/12/2012;59458;59968;59153;59316;5334599885;59316
14/12/2012;59319;59824;59272;59604;5707248083;59604
17/12/2012;59604;59914;59322;59566;4976119184;59566
18/12/2012;59568;60538;59565;60460;4964908065;60460
19/12/2012;60460;61212;60395;60998;6629715475;60998
20/12/2012;60991;61276;60621;61276;4853843496;61276
21/12/2012;61270;61270;60221;61007;4914385504;61007
26/12/2012;61002;61322;60860;60959;3649210336;60959
27/12/2012;60963;61191;60232;60415;3703230258;60415
28/12/2012;60415;61066;60415;60952;4299083130;60952
02/01/2013;60990;62886;60990;62550;5823450870;62550
03/01/2013;62555;63472;62341;63312;5595627275;63312
04/01/2013;63314;63314;62414;62523;8113965048;62523
07/01/2013;62523;62698;61639;61932;5591573099;61932
08/01/2013;61932;62264;61080;61127;5634229318;61127
09/01/2013;61128;61811;61102;61578;5276369769;61578
10/01/2013;61578;61947;61156;61678;6128320368;61678
11/01/2013;61661;61682;61198;61497;6575114879;61497
14/01/2013;61511;62284;61511;62080;5287528881;62080
15/01/2013;62078;62151;61694;61727;5174961710;61727
16/01/2013;61725;61787;61241;61787;4223801559;61787
17/01/2013;61806;62309;61683;62194;5149412303;62194
18/01/2013;62196;62395;61822;61956;5210741467;61956
21/01/2013;61962;62051;61804;61899;2854704244;61899
22/01/2013;61904;61995;61534;61692;4603848554;61692
23/01/2013;61692;61969;61542;61966;4500313207;61966
24/01/2013;61965;62249;60838;61169;5394110459;61169
28/01/2013;61177;61312;59921;60027;5480742958;60027
29/01/2013;60027;60427;59757;60406;5261429557;60406
30/01/2013;60404;60404;59305;59336;7059853402;59336
31/01/2013;59344;59771;59114;59761;6955569524;59761
01/02/2013;59764;60496;59742;60351;5312094096;60351
04/02/2013;60350;60350;59256;59575;5021566912;59575
05/02/2013;59575;59974;59132;59444;6953744808;59444
06/02/2013;59441;59582;58587;58951;5448044501;58951
07/02/2013;58936;59435;58115;58372;6265827297;58372
08/02/2013;58374;58638;58024;58497;5034829024;58497
13/02/2013;58494;58754;58251;58405;3794300530;58405
14/02/2013;58405;58405;57750;58077;3782529644;58077
15/02/2013;58075;58352;57801;57903;5270926343;57903
18/02/2013;57905;57929;57420;57613;3769329437;57613
19/02/2013;57619;58060;57233;57314;5499099161;57314
20/02/2013;57312;57568;56034;56177;6132424866;56177
21/02/2013;56152;56227;55430;56154;6474429671;56154
22/02/2013;56158;56742;56106;56697;6914479036;56697
25/02/2013;56697;57157;56418;56617;5887349341;56617
26/02/2013;56616;57007;56047;56948;6315600296;56948
27/02/2013;56948;57402;56684;57273;6106004925;57273
28/02/2013;57273;57798;56925;57424;6380669413;57424
01/03/2013;57422;57422;56525;56883;5540350907;56883
04/03/2013;56877;56877;56067;56499;5039776075;56499
05/03/2013;56508;57226;55950;55950;5879426847;55950
06/03/2013;55953;58149;55953;57940;7263226700;57940
07/03/2013;57939;59472;57939;58846;7883593155;58846
08/03/2013;58841;59031;58128;58432;5618069231;58432
11/03/2013;58440;58546;57800;58544;4681013420;58544
12/03/2013;58542;58709;58112;58208;4948723476;58208
13/03/2013;58204;58410;57285;57385;5921766439;57385
14/03/2013;57385;57850;56722;57281;5883227316;57281
15/03/2013;57274;57532;56805;56869;6650492021;56869
18/03/2013;56868;57151;56139;56972;4860339892;56972
19/03/2013;56972;57037;56099;56361;5308212015;56361
20/03/2013;56360;56396;55831;56030;5600786765;56030
21/03/2013;56025;56043;55382;55576;5054192690;55576
22/03/2013;55576;55893;55097;55243;4529055935;55243
25/03/2013;55250;55450;54647;54873;4646725597;54873
26/03/2013;54878;55763;54878;55671;4191873972;55671
27/03/2013;55648;56177;55129;56034;4158117063;56034
28/03/2013;56035;56373;55873;56352;5062928528;56352
01/04/2013;56348;56348;55896;55902;3550232053;55902
02/04/2013;55900;56257;54809;54889;4752848062;54889
03/04/2013;54888;55573;54739;55562;5793782692;55562
04/04/2013;55562;55579;54432;54648;5180683779;54648
05/04/2013;54646;55226;53794;55050;5802497911;55050
08/04/2013;55048;55136;54333;55092;4977190963;55092
09/04/2013;55100;56304;55100;55912;6878502724;55912
10/04/2013;55913;56975;55913;56186;7000233055;56186
11/04/2013;56189;56283;55173;55400;4926019653;55400
12/04/2013;55398;55530;54458;54962;5653062488;54962
15/04/2013;54951;54951;52949;52949;5824321881;52949
16/04/2013;52952;54095;52952;53990;4761066745;53990
17/04/2013;53984;53984;52540;52881;8188449596;52881
18/04/2013;52886;53473;52391;53165;5342694497;53165
19/04/2013;53168;54017;53168;53928;4640235735;53928
22/04/2013;53926;54297;53419;54297;4539491282;54297
23/04/2013;54301;55282;54164;54884;5319739445;54884
24/04/2013;54875;55546;54722;54984;6077781418;54984
25/04/2013;54989;55543;54792;54963;5642336154;54963
26/04/2013;54963;55033;54146;54252;4939926978;54252
29/04/2013;54253;55335;54253;54887;5551487505;54887
30/04/2013;54888;55910;54584;55910;7226853914;55910
02/05/2013;55918;55918;55103;55321;5762919171;55321
03/05/2013;55329;56366;55329;55488;7729036479;55488
06/05/2013;55487;55541;54651;55429;5916298252;55429
07/05/2013;55428;56450;55206;56274;5536618994;56274
08/05/2013;56280;56813;55804;55804;5827190692;55804
09/05/2013;55804;56071;54905;55447;4978959448;55447
10/05/2013;55445;55445;54831;55107;5115050573;55107
13/05/2013;55105;55105;54388;54447;4393330970;54447
14/05/2013;54442;55029;54326;54666;5944773346;54666
15/05/2013;54667;55215;54487;54936;5772150224;54936
16/05/2013;54943;55538;54592;54772;5896881617;54772
17/05/2013;54779;55489;54779;55164;5303787591;55164
20/05/2013;55161;55704;54630;55700;5454019546;55700
21/05/2013;55698;56265;55378;56265;5267205826;56265
22/05/2013;56268;57098;56036;56429;6244450346;56429
23/05/2013;56423;56423;55379;56349;5235585486;56349
24/05/2013;56349;56506;55901;56406;5986641268;56406
27/05/2013;56414;56562;56352;56395;1830970991;56395
28/05/2013;56399;56978;56008;56036;4877753012;56036
29/05/2013;56032;56032;54634;54634;5647537269;54634
31/05/2013;54632;54775;52942;53506;9752057259;53506
03/06/2013;53512;53993;53143;53944;5558582317;53944
04/06/2013;53944;54289;53497;54017;5423474475;54017
05/06/2013;54019;54206;52773;52798;6237168108;52798
06/06/2013;52813;52937;52244;52884;5642754163;52884
07/06/2013;52876;52876;51427;51618;6416934150;51618
10/06/2013;51618;51835;51159;51316;4793100649;51316
11/06/2013;51314;51314;49708;49769;6086230702;49769
12/06/2013;49777;50380;48746;49180;7117693230;49180
13/06/2013;49178;50444;48968;50414;6178802679;50414
14/06/2013;50415;50655;49329;49332;6031820832;49332
17/06/2013;49336;50123;49074;49088;4749173797;49088
18/06/2013;49088;49550;48414;49464;5052733905;49464
19/06/2013;49456;49698;47838;47893;6230768020;47893
20/06/2013;47884;48214;45929;48214;9441694898;48214
21/06/2013;48209;48209;46917;47056;7515129810;47056
24/06/2013;47038;47038;45405;45965;6723313398;45965
25/06/2013;45966;47119;45966;46893;5166213552;46893
26/06/2013;46903;47725;46903;47171;5109566744;47171
27/06/2013;47171;48053;47134;47609;4786460226;47609
28/06/2013;47609;47638;47058;47457;6826795008;47457
01/07/2013;47457;47674;46675;47229;4468393766;47229
02/07/2013;47221;47221;44818;45228;6961884952;45228
03/07/2013;45227;45826;44552;45044;5923616037;45044
04/07/2013;45046;46097;45046;45763;3455128713;45763
05/07/2013;45756;45756;44107;45210;5905963885;45210
08/07/2013;45211;45740;44838;45075;3809222502;45075
10/07/2013;45081;45955;45081;45483;4016182762;45483
11/07/2013;45493;46719;45493;46626;5215001606;46626
12/07/2013;46624;46624;45528;45533;3917819177;45533
15/07/2013;45533;46839;45533;46738;3957168883;46738
16/07/2013;46748;47329;46416;46869;3821639107;46869
17/07/2013;46869;47710;46869;47407;4797068620;47407
18/07/2013;47404;48056;47092;47656;4567098930;47656
19/07/2013;47650;47650;47163;47400;3328890249;47400
22/07/2013;47407;48879;47407;48574;4413994803;48574
23/07/2013;48579;49379;48579;48819;4339529440;48819
24/07/2013;48815;48887;47998;48374;4286181310;48374
25/07/2013;48371;49122;48006;49066;4788366174;49066
26/07/2013;49068;49422;48632;49422;3883721073;49422
29/07/2013;49414;49461;48975;49212;3192476887;49212
30/07/2013;49220;49669;48560;48561;5075748808;48561
31/07/2013;48558;48823;48139;48234;4962139577;48234
01/08/2013;48235;49281;48235;49140;5072447187;49140
02/08/2013;49140;49549;48448;48474;4218798680;48474
05/08/2013;48477;48707;48263;48436;3283495403;48436
06/08/2013;48436;48522;47224;47421;5221059023;47421
07/08/2013;47421;47665;47164;47446;4269670426;47446
08/08/2013;47452;49230;47452;48928;5652643983;48928
09/08/2013;48948;50000;48835;49874;6324503615;49874
12/08/2013;49878;51380;49878;50299;7005162976;50299
13/08/2013;50298;50733;50040;50600;5927902934;50600
14/08/2013;50593;51364;50414;50895;9826644820;50895
15/08/2013;50880;51452;50049;50908;8589142771;50908
16/08/2013;50906;51554;50800;51538;6921172787;51538
19/08/2013;51540;52089;51115;51574;7039586368;51574
20/08/2013;51561;51561;50498;50507;5677196242;50507
21/08/2013;50500;51170;50055;50405;6186677106;50405
22/08/2013;50408;51458;50408;51397;6445004110;51397
23/08/2013;51400;52197;51166;52197;5825128181;52197
26/08/2013;52199;52398;51429;51429;3925630959;51429
27/08/2013;51425;51425;50017;50091;5481279446;50091
28/08/2013;50091;50591;49530;49866;4730087126;49866
29/08/2013;49866;50557;49845;49921;4454493955;49921
30/08/2013;49932;50480;49648;50011;7439106834;50011
02/09/2013;50012;51976;50012;51835;4546607115;51835
03/09/2013;51833;52289;51422;51625;5547951191;51625
04/09/2013;51621;51829;51107;51716;4786850684;51716
05/09/2013;51715;52498;51255;52351;5839852538;52351
06/09/2013;52353;54124;52353;53749;6123716988;53749
09/09/2013;53751;54531;53257;54251;7063203507;54251
10/09/2013;54252;54739;53769;53979;6733202677;53979
11/09/2013;53982;54303;53307;53570;6417595049;53570
12/09/2013;53570;53838;52945;53307;5573629065;53307
13/09/2013;53311;53858;52917;53797;4589714411;53797
16/09/2013;53799;54462;53559;53821;4505842597;53821
17/09/2013;53823;54271;53576;54271;4779327630;54271
18/09/2013;54272;55827;53981;55702;7196865529;55702
19/09/2013;55702;55900;54965;55095;5854216030;55095
20/09/2013;55095;55242;54018;54110;4805149583;54110
23/09/2013;54110;54682;54026;54602;4136856327;54602
24/09/2013;54600;54818;54163;54431;4906437793;54431
25/09/2013;54425;54611;53967;54261;4295056855;54261
26/09/2013;54262;54344;53428;53782;3947248170;53782
27/09/2013;53780;54131;53611;53738;4919615452;53738
30/09/2013;53736;53736;52290;52338;5872677102;52338
01/10/2013;52337;53179;52093;53179;3984557857;53179
02/10/2013;53176;53473;52870;53100;3594319118;53100
03/10/2013;53101;53429;52296;52489;4228368018;52489
04/10/2013;52488;52871;52113;52848;3950652386;52848
07/10/2013;52841;52912;52273;52417;3733064247;52417
08/10/2013;52413;52555;51870;52312;4154139871;52312
09/10/2013;52312;52835;51955;52547;4790979522;52547
10/10/2013;52550;53132;52511;52996;4879055800;52996
11/10/2013;52999;53301;52738;53149;4035826697;53149
14/10/2013;53149;54196;52833;54170;4559662800;54170
15/10/2013;54175;55190;54053;54980;6353162032;54980
16/10/2013;54983;56747;54901;55973;6849110161;55973
17/10/2013;55965;56167;55145;55358;5679689680;55358
18/10/2013;55359;56052;55003;55378;5512567576;55378
21/10/2013;55380;56109;55256;56077;4643662119;56077
22/10/2013;56074;56720;55897;56460;4983892775;56460
23/10/2013;56458;56458;55379;55440;4115123682;55440
24/10/2013;55440;55864;54442;54877;4007510263;54877
25/10/2013;54863;54910;54141;54154;4463574328;54154
28/10/2013;54156;55076;54070;55073;5574842634;55073
29/10/2013;55075;55266;54223;54538;4879592564;54538
30/10/2013;54540;54764;53917;54172;5330477958;54172
31/10/2013;54174;54466;53602;54256;6114213690;54256
01/11/2013;54255;54387;53752;54013;6054929460;54013
04/11/2013;54014;54531;54008;54436;4559260583;54436
05/11/2013;54435;54538;53730;53831;5394122659;53831
06/11/2013;53839;53856;53073;53384;5957224976;53384
07/11/2013;53390;53890;52558;52740;6983518798;52740
08/11/2013;52738;52867;51735;52248;6889367756;52248
11/11/2013;52246;52645;52072;52623;3713871466;52623
12/11/2013;52624;52811;51635;51804;5819403440;51804
13/11/2013;51804;52271;51290;52230;6059050422;52230
14/11/2013;52232;53566;52232;53451;5582337205;53451
18/11/2013;53451;54317;53451;54307;5599270628;54307
19/11/2013;54303;54303;52831;53032;5518677794;53032
21/11/2013;53026;53026;52190;52688;5227259886;52688
22/11/2013;52685;53221;52095;52800;4858208646;52800
25/11/2013;52807;52995;52115;52263;4323664422;52263
26/11/2013;52258;52410;51433;51446;5862904133;51446
27/11/2013;51447;52112;51447;51861;4727525954;51861
28/11/2013;51861;52458;51696;51846;3437426757;51846
28/11/2013;51861;52458;51696;51846;3437426757;51846
29/11/2013;51846;52482;51846;52482;4235782843;52482
02/12/2013;52479;52479;51244;51244;6093381306;51244
03/12/2013;51239;51257;50223;50348;5217935108;50348
04/12/2013;50358;50744;50113;50215;5050887732;50215
05/12/2013;50220;51123;50220;50787;5579527111;50787
06/12/2013;50787;51364;50609;50944;4997288416;50944
09/12/2013;50942;51298;50832;51165;3219205930;51165
10/12/2013;51166;51334;50955;50993;3110826068;50993
11/12/2013;50990;51038;50067;50067;4181126758;50067
12/12/2013;50076;50331;49842;50121;4655003240;50121
13/12/2013;50133;50518;50006;50051;4289861324;50051
16/12/2013;50048;50611;50048;50279;4398082183;50279
17/12/2013;50279;50563;50049;50090;4029886160;50090
18/12/2013;50110;50869;50110;50563;6000349717;50563
19/12/2013;50577;51633;50577;51633;4100808791;51633
20/12/2013;51619;51640;51024;51185;5350635721;51185
23/12/2013;51187;51604;51187;51356;3227003829;51356
26/12/2013;51357;51609;51184;51221;2722369137;51221
27/12/2013;51239;51395;51207;51266;3073985091;51266
30/12/2013;51274;51995;51274;51507;2982629145;51507
02/01/2014;51522;51656;50246;50341;4554028087;50341
03/01/2014;50348;50981;50268;50981;0;50981
06/01/2014;50980;51002;50451;50973;4928803345;50973
07/01/2014;50981;51477;50429;50430;5098543738;50430
08/01/2014;50431;50792;50423;50576;4849551094;50576
09/01/2014;50575;50575;49258;49321;6025309155;49321
10/01/2014;49321;50145;49267;49696;5456270718;49696
13/01/2014;49708;50003;49308;49426;4268748553;49426
14/01/2014;49421;49833;49263;49703;4592588085;49703
15/01/2014;49714;50229;49714;50105;4384361992;50105
16/01/2014;50106;50577;49628;49696;4724616895;49696
17/01/2014;49696;49868;49174;49181;4206182041;49181
20/01/2014;49180;49292;48673;48708;2321950602;48708
21/01/2014;48728;49123;48440;48542;4970891040;48542
22/01/2014;48542;49487;48542;49299;5466826792;49299
23/01/2014;49293;49598;48320;48320;5864194433;48320
24/01/2014;48325;48327;47493;47787;5617301319;47787
27/01/2014;47781;48146;47492;47701;4539007786;47701
28/01/2014;47749;48487;47749;47840;4251482067;47840
29/01/2014;47839;47884;47153;47556;5273589214;47556
30/01/2014;47553;48034;47114;47244;4821860440;47244
31/01/2014;47233;47652;46813;47638;5696139365;47638
03/02/2014;47622;47622;46109;46147;5685529460;46147
04/02/2014;46147;47131;46145;46964;5633483513;46964
05/02/2014;46964;47148;46224;46624;5322876028;46624
06/02/2014;46632;48033;46632;47738;5713644920;47738
07/02/2014;47739;48253;47556;48073;4978218145;48073
10/02/2014;48070;48135;47464;47710;3821572563;47710
11/02/2014;47715;48603;47588;48462;5238450153;48462
12/02/2014;48467;48669;48044;48216;4356177534;48216
13/02/2014;48211;48211;47128;47812;4702521323;47812
14/02/2014;47815;48313;47756;48201;4726357864;48201
17/02/2014;48199;48297;47540;47576;2368602189;47576
18/02/2014;47575;47712;46599;46599;5434698312;46599
19/02/2014;46597;47155;46133;47150;5688945701;47150
20/02/2014;47126;47600;46634;47288;4625781877;47288
21/02/2014;47289;47815;47075;47380;4166225850;47380
24/02/2014;47375;47538;46991;47393;4330145702;47393
25/02/2014;47388;47388;46613;46715;4387436991;46715
26/02/2014;46717;47009;46402;46599;4825757096;46599
27/02/2014;46621;47781;46621;47606;4469608599;47606
28/02/2014;47613;47813;47043;47094;6684094832;47094
05/03/2014;47092;47153;46472;46589;3394762206;46589
06/03/2014;46591;47400;46501;47093;4779860791;47093
07/03/2014;47093;47218;46086;46244;5865040854;46244
10/03/2014;46241;46241;45203;45533;5488550975;45533
11/03/2014;45533;46049;45401;45697;4614852406;45697
12/03/2014;45686;45915;45507;45861;4674141112;45861
13/03/2014;45863;46176;45250;45443;4619717437;45443
14/03/2014;45444;45561;44904;44965;4989399561;44965
17/03/2014;44978;45498;44968;45117;4111965117;45117
18/03/2014;45115;46217;45074;46150;5136123368;46150
19/03/2014;46152;46803;45909;46567;4842835500;46567
20/03/2014;46565;47484;46150;47278;6131323208;47278
21/03/2014;47272;47831;46720;47380;6529157892;47380
24/03/2014;47381;48141;47381;47993;4716950354;47993
25/03/2014;47993;48440;47949;48180;4701513820;48180
26/03/2014;48181;48725;47963;47965;5087394411;47965
27/03/2014;47964;49646;47962;49646;8863196112;49646
28/03/2014;49653;50180;49606;49768;5878561393;49768
31/03/2014;49769;50417;49769;50414;5643785268;50414
01/04/2014;50412;50626;49773;50270;5297696887;50270
02/04/2014;50271;51794;50200;51701;7681791013;51701
03/04/2014;51711;51990;51059;51408;5775857051;51408
04/04/2014;51428;52288;51034;51081;6111806235;51081
07/04/2014;51115;52228;51115;52155;6207597115;52155
08/04/2014;52173;53393;51377;51629;8679968019;51629
09/04/2014;51628;51628;50652;51185;6047789461;51185
10/04/2014;51185;51522;50732;51127;5267414934;51127
11/04/2014;51127;51870;50517;51867;5389236352;51867
14/04/2014;51867;52110;51361;51596;4092782068;51596
15/04/2014;51593;51593;49890;50454;5745326524;50454
16/04/2014;50469;51288;50469;51200;4981057153;51200
17/04/2014;51200;52338;50886;52111;4750920813;52111
22/04/2014;52112;52460;51681;51976;5304837128;51976
23/04/2014;51974;51974;51399;51569;4590770922;51569
24/04/2014;51569;51963;51237;51817;4812131039;51817
25/04/2014;51817;51817;51019;51399;4512032576;51399
28/04/2014;51396;51471;50776;51395;4184457247;51395
29/04/2014;51386;52415;51386;51838;5839652795;51838
30/04/2014;51837;51837;51250;51626;6266499934;51626
02/05/2014;51630;53060;51628;52980;8800175689;52980
05/05/2014;52988;53505;52931;53446;5492458450;53446
06/05/2014;53446;53985;53093;53779;7196057915;53779
07/05/2014;53786;54225;53498;54052;6941332846;54052
08/05/2014;54052;54249;53222;53422;5346260405;53422
09/05/2014;53422;53639;53056;53100;4215319835;53100
12/05/2014;53102;54053;53102;54052;4001166898;54052
13/05/2014;54056;54242;53730;53907;4413753358;53907
14/05/2014;53913;54459;53866;54412;4544092370;54412
15/05/2014;54403;54403;53565;53855;4106569011;53855
16/05/2014;53855;54382;53708;53975;4811226570;53975
19/05/2014;53975;53991;53266;53353;4639955950;53353
20/05/2014;53352;53842;52312;52366;6312159429;52366
21/05/2014;52366;52875;52203;52203;5331211585;52203
22/05/2014;52205;52850;52132;52806;4666876314;52806
23/05/2014;52807;52935;52403;52626;4005894929;52626
26/05/2014;52649;53044;52649;52932;1670842149;52932
27/05/2014;52931;53309;52079;52173;4433188019;52173
28/05/2014;52173;52858;52009;52639;4590235849;52639
29/05/2014;52649;52889;52031;52239;3605908220;52239
30/05/2014;52233;52233;51239;51239;6970213126;51239
02/06/2014;51239;51878;51239;51605;3951509266;51605
03/06/2014;51605;52032;51377;52032;3942888728;52032
04/06/2014;52032;52032;51608;51832;3677673167;51832
05/06/2014;51832;52245;51469;51558;4181246966;51558
06/06/2014;51561;53174;51561;53128;6866819237;53128
09/06/2014;53128;54462;53091;54273;6013552958;54273
10/06/2014;54273;54604;53959;54604;5696368972;54604
11/06/2014;54676;55283;54676;55102;6135761790;55102
13/06/2014;55102;55104;54648;54806;4692238717;54806
16/06/2014;54806;54854;54474;54629;4300941033;54629
17/06/2014;54629;54638;54150;54299;2649104677;54299
18/06/2014;54300;55202;54046;55202;5826374051;55202
20/06/2014;55191;55191;54540;54638;3827340939;54638
23/06/2014;54636;54724;54097;54210;2672678872;54210
24/06/2014;54194;55002;54093;54280;5180241867;54280
25/06/2014;54280;54392;53362;53425;5195395190;53425
26/06/2014;53426;53790;53331;53506;3903790025;53506
27/06/2014;53506;53614;52918;53157;3308583951;53157
30/06/2014;53158;53311;52709;53168;3823384573;53168
01/07/2014;53170;53697;52886;53171;3428029845;53171
02/07/2014;53170;53244;52734;53028;4641778767;53028
03/07/2014;53028;53877;52759;53874;4269518136;53874
04/07/2014;53892;54086;53703;54055;901283931;54055
07/07/2014;54041;54041;53376;53801;3150848725;53801
08/07/2014;53813;53905;53459;53634;2447289445;53634
10/07/2014;53642;54599;53642;54592;6505031544;54592
11/07/2014;54592;54952;54319;54785;3942636057;54785
14/07/2014;54785;55896;54785;55743;7481479194;55743
15/07/2014;55742;56106;55629;55973;4861583688;55973
16/07/2014;55973;56331;55573;55717;5558776643;55717
17/07/2014;55711;56190;55237;55637;6064326595;55637
18/07/2014;55638;57483;55638;57012;8705967921;57012
21/07/2014;57013;57756;56864;57633;5455804418;57633
22/07/2014;57635;58138;57500;57983;5432018279;57983
23/07/2014;57982;57982;57141;57419;5032400685;57419
24/07/2014;57420;58122;57357;57977;5289149835;57977
25/07/2014;57977;58069;57648;57821;3893332734;57821
28/07/2014;57823;58040;57414;57695;4129307379;57695
29/07/2014;57697;58013;57082;57118;4415171867;57118
30/07/2014;57118;57439;56705;56877;4261815152;56877
31/07/2014;56877;56877;55502;55829;6011123034;55829
01/08/2014;55827;56058;55266;55902;5029345519;55902
04/08/2014;55906;56620;55585;56616;3958040436;56616
05/08/2014;56621;56937;56063;56202;5459122973;56202
06/08/2014;56201;56797;55695;56487;5919385340;56487
07/08/2014;56487;56922;55985;56188;4908205171;56188
08/08/2014;56186;56186;55319;55572;4990268757;55572
11/08/2014;55578;56657;55578;56613;4481700153;56613
12/08/2014;56613;56811;56312;56442;3678177430;56442
13/08/2014;56454;56736;55238;55581;8520971681;55581
14/08/2014;55557;55946;55436;55780;5462166576;55780
15/08/2014;55783;56965;55783;56963;5605144059;56963
18/08/2014;56968;57664;56968;57560;5348529056;57560
19/08/2014;57561;58474;57370;58449;5532663468;58449
20/08/2014;58449;59010;58320;58878;5953816249;58878
21/08/2014;58878;59207;58558;58992;5132131615;58992
22/08/2014;58991;58991;58164;58407;4025217593;58407
25/08/2014;58407;59742;58407;59735;5033641294;59735
26/08/2014;59735;60092;59522;59821;6061226441;59821
27/08/2014;59821;61246;59821;60950;8719804727;60950
28/08/2014;60945;60980;60188;60290;7783850644;60290
29/08/2014;60291;61442;60272;61288;8882565221;61288
01/09/2014;61294;62279;61141;61141;5169043051;61141
02/09/2014;61141;62231;60930;61895;7564412567;61895
03/09/2014;61899;62304;61198;61837;7954604012;61837
04/09/2014;61836;61836;60739;60800;7349809296;60800
05/09/2014;60800;61029;60243;60681;7760772333;60681
08/09/2014;60708;61512;59191;59192;7957193876;59192
09/09/2014;59157;59484;58306;58676;7590802142;58676
10/09/2014;58674;58674;57449;58198;6505768442;58198
11/09/2014;58202;58808;58112;58337;4996685416;58337
12/09/2014;58336;58336;56666;56927;8694112539;56927
15/09/2014;56929;57948;56851;57948;5341476426;57948
16/09/2014;57948;60242;57946;59114;8541176035;59114
17/09/2014;59115;60024;59095;59108;6166637555;59108
18/09/2014;59107;59266;58118;58374;6749798995;58374
19/09/2014;58355;58516;57513;57788;6256784167;57788
22/09/2014;57787;57787;55974;56818;6539565378;56818
23/09/2014;56818;57332;56086;56540;5801430109;56540
24/09/2014;56538;57130;55933;56824;5033178904;56824
25/09/2014;56821;56821;55875;55962;5081777304;55962
26/09/2014;55965;57488;55946;57212;5206487000;57212
29/09/2014;57210;57210;54124;54625;8414084597;54625
30/09/2014;54625;54625;53536;54115;8645017321;54115
01/10/2014;54115;54115;52646;52858;8080640555;52858
02/10/2014;52858;54022;52480;53518;6499467584;53518
03/10/2014;53518;54539;53367;54539;5568938083;54539
06/10/2014;54542;58897;54542;57115;12712631694;57115
07/10/2014;57124;58317;57124;57436;9434465076;57436
08/10/2014;57440;58190;56198;57058;8503867199;57058
09/10/2014;57079;58246;57076;57267;7549693790;57267
10/10/2014;57266;57266;55311;55311;6135527359;55311
13/10/2014;55312;58747;55312;57956;8610265282;57956
14/10/2014;57945;58856;57258;58015;7669517144;58015
15/10/2014;58012;58012;54919;56135;10339033385;56135
16/10/2014;56123;56123;54132;54298;9227007670;54298
17/10/2014;54298;55948;54298;55723;7553018258;55723
20/10/2014;55720;55720;54299;54302;6063417714;54302
21/10/2014;54300;54300;51922;52432;10344262606;52432
22/10/2014;52427;53229;52064;52411;5781622505;52411
23/10/2014;52409;52409;50653;50713;9933707254;50713
24/10/2014;50687;53145;50595;51940;8983403903;51940
27/10/2014;51937;51937;48722;50503;16210030120;50503
28/10/2014;50503;52374;50502;52330;8181037958;52330
29/10/2014;52330;52330;51049;51049;7231188095;51049
30/10/2014;51049;52574;51049;52336;6955363894;52336
31/10/2014;52338;54628;52334;54628;7066637263;54628
03/11/2014;54628;54628;53053;53947;5137811245;53947
04/11/2014;53947;54383;53431;54383;5475520696;54383
05/11/2014;54383;54383;53588;53698;4749488923;53698
06/11/2014;53696;53696;52417;52637;5410635479;52637
07/11/2014;52637;53483;52197;53222;5429713014;53222
10/11/2014;53222;53829;52716;52725;3947467709;52725
11/11/2014;52718;52718;52003;52474;3822498782;52474
12/11/2014;52473;53435;52187;52978;4742336082;52978
13/11/2014;52978;53322;51846;51846;4080261417;51846
14/11/2014;51833;51899;50885;51772;5382247944;51772
17/11/2014;51772;52222;51047;51256;4096216503;51256
18/11/2014;51257;52122;51067;52061;5418132282;52061
19/11/2014;52061;53402;52031;53402;6639033860;53402
21/11/2014;53403;56214;53403;56084;10564507710;56084
24/11/2014;56085;57359;55292;55406;7142049057;55406
25/11/2014;55410;56386;55204;55560;7307573718;55560
26/11/2014;55561;56099;54977;55098;4844056044;55098
27/11/2014;55099;56065;54592;54721;3797818809;54721
28/11/2014;54731;55436;54664;54664;4301336650;54664
01/12/2014;54719;54719;52156;52276;6362278659;52276
02/12/2014;52277;52639;51471;51612;5049468229;51612
03/12/2014;51610;52470;51610;52320;4053095167;52320
04/12/2014;52320;52539;51073;51426;4386458673;51426
05/12/2014;51427;52023;51163;51992;3741972332;51992
08/12/2014;51992;51992;50015;50274;4232927825;50274
09/12/2014;50250;50260;49395;50193;5389075515;50193
10/12/2014;50192;50192;49297;49548;4178220146;49548
11/12/2014;49548;49946;48808;49861;5021006996;49861
12/12/2014;49861;49861;47973;48001;5189577499;48001
15/12/2014;48002;48401;46409;47018;6161763305;47018
16/12/2014;47016;47594;45852;47007;7171546459;47007
17/12/2014;47008;49257;47008;48713;8376536550;48713
18/12/2014;48714;49564;48295;48495;5033665494;48495
19/12/2014;48491;49657;48435;49650;4798051741;49650
22/12/2014;49650;50120;49104;50120;3674522932;50120
23/12/2014;50120;50889;49814;50889;3617041535;50889
26/12/2014;50890;50973;49913;50144;2111155787;50144
29/12/2014;50145;50902;50008;50593;2732982453;50593
30/12/2014;50601;50841;49992;50007;4482269597;50007
02/01/2015;50004;50004;48345;48512;4488553715;48512
05/01/2015;48512;48512;47263;47516;5445966828;47516
06/01/2015;47517;48061;47337;48000;6550189597;48000
07/01/2015;48006;49882;48006;49462;6373800009;49462
08/01/2015;49463;50260;49017;49943;5008797170;49943
09/01/2015;49954;49954;48500;48840;4344860153;48840
12/01/2015;48839;48839;47955;48139;4656065682;48139
13/01/2015;48144;48939;48041;48041;5655076148;48041
14/01/2015;48037;48280;47372;47645;5442282614;47645
15/01/2015;47647;48853;47647;48026;5970368972;48026
16/01/2015;48028;49263;48028;49016;5239475273;49016
19/01/2015;49009;49009;47502;47758;3100382404;47758
20/01/2015;47758;48687;47619;47876;4448416819;47876
21/01/2015;47887;49328;47887;49224;5356427164;49224
22/01/2015;49227;50281;49227;49442;6878306421;49442
23/01/2015;49432;49523;48496;48775;4489081573;48775
26/01/2015;48711;48711;48004;48576;3964884960;48576
27/01/2015;48576;48864;47351;48591;4867853010;48591
28/01/2015;48589;48589;47550;47694;5083812627;47694
29/01/2015;47696;47893;47006;47762;5847228702;47762
30/01/2015;47759;47759;46484;46907;6686721844;46907
02/02/2015;46933;47683;46760;47650;4508915629;47650
03/02/2015;47664;48992;47664;48963;6190830460;48963
04/02/2015;48964;49718;48213;49301;6868011911;49301
05/02/2015;49299;49816;49019;49233;5905909163;49233
06/02/2015;49231;49231;48209;48792;6328327736;48792
09/02/2015;48791;49522;48415;49382;5090627060;49382
10/02/2015;49359;49798;48510;48510;5247002084;48510
11/02/2015;48508;48762;47841;48239;5741305460;48239
12/02/2015;48240;49689;48240;49532;5335438906;49532
13/02/2015;49545;50726;49475;50635;5489924760;50635
18/02/2015;50639;51867;50639;51280;4836476983;51280
19/02/2015;51280;51638;50869;51294;3797790407;51294
20/02/2015;51301;51450;50711;51237;3101772952;51237
23/02/2015;51237;51689;50861;51280;4378509814;51280
24/02/2015;51288;51956;51049;51874;4562310878;51874
25/02/2015;51862;51862;51050;51811;4969014814;51811
26/02/2015;51812;51922;51181;51760;4860825851;51760
27/02/2015;51760;52457;51474;51583;6683581338;51583
02/03/2015;51579;51579;50774;51020;4281511921;51020
03/03/2015;51020;51432;50995;51304;4410079687;51304
04/03/2015;51303;51303;50399;50468;5461193500;50468
05/03/2015;50472;50734;50114;50365;4239521256;50365
06/03/2015;50355;50400;49779;49981;4431588087;49981
09/03/2015;49978;49978;48951;49181;5240539239;49181
10/03/2015;49177;49177;48292;48293;6883464064;48293
11/03/2015;48308;48936;48308;48905;5808527500;48905
12/03/2015;48907;49632;48684;48880;5614753721;48880
13/03/2015;48858;48858;47904;48595;6272935799;48595
16/03/2015;48601;49205;48393;48848;4672544536;48848
17/03/2015;48849;50384;48840;50285;6035508298;50285
18/03/2015;50283;51772;49787;51526;6813679295;51526
19/03/2015;51530;51547;50790;50953;4644307326;50953
20/03/2015;50964;52285;50964;51966;7185878415;51966
23/03/2015;51969;52177;51515;51908;4543956385;51908
24/03/2015;51907;52222;51006;51506;4413496614;51506
25/03/2015;51507;52318;51507;51858;6219124330;51858
26/03/2015;51835;51835;50528;50579;5449244975;50579
27/03/2015;50574;50574;49908;50094;5420268825;50094
30/03/2015;50099;51264;50099;51243;4363961793;51243
31/03/2015;51242;51465;50612;51150;5483875312;51150
01/04/2015;51186;52613;51186;52321;6553450670;52321
02/04/2015;52321;53311;52321;53123;6457903670;53123
06/04/2015;53123;54146;53122;53737;4967769181;53737
07/04/2015;53737;54002;53436;53729;5173415346;53729
08/04/2015;53731;54458;53507;53661;6623404603;53661
09/04/2015;53638;54002;53292;53802;6292977562;53802
10/04/2015;53802;54413;53555;54214;5474056377;54214
13/04/2015;54213;54866;54004;54239;5448520344;54239
14/04/2015;54240;54625;53773;53981;5756582389;53981
15/04/2015;54037;54960;54037;54918;6083242181;54918
16/04/2015;54918;54918;54315;54674;6074551497;54674
17/04/2015;54671;54671;53896;53954;5366858175;53954
20/04/2015;53965;54384;53510;53761;4262567600;53761
22/04/2015;53762;54847;53762;54617;5810855022;54617
23/04/2015;54615;55781;54063;55684;8072293588;55684
24/04/2015;55687;56965;55687;56594;8435557039;56594
27/04/2015;56554;56962;55515;55534;6434891338;55534
28/04/2015;55549;56017;54972;55812;6821000271;55812
29/04/2015;55808;55808;55067;55325;6263067501;55325
30/04/2015;55312;56229;55079;56229;7664002124;56229
04/05/2015;56230;57519;56230;57353;6375106515;57353
05/05/2015;57349;58146;57096;58051;6851592915;58051
06/05/2015;58050;58574;56819;57103;7737659080;57103
07/05/2015;57103;57289;56507;56921;5265472701;56921
08/05/2015;56964;57620;56595;57149;5995358903;57149
11/05/2015;57166;57489;57013;57197;5521577474;57197
12/05/2015;57193;57423;56752;56792;5398956015;56792
13/05/2015;56790;56899;56199;56372;5287629059;56372
14/05/2015;56376;56920;56104;56656;5438165785;56656
15/05/2015;56655;57287;56422;57248;5063789359;57248
18/05/2015;57249;57605;55926;56204;6677845715;56204
19/05/2015;56204;56211;55027;55498;5656007354;55498
20/05/2015;55497;55644;54819;54901;5933737216;54901
21/05/2015;54900;55112;54526;55112;5862370034;55112
22/05/2015;55112;55223;54037;54377;6623324821;54377
25/05/2015;54377;54867;53971;54609;2738989800;54609
26/05/2015;54609;54609;53548;53629;5567191773;53629
27/05/2015;53630;54292;53135;54236;5597235648;54236
28/05/2015;54230;54230;53363;53976;4584122048;53976
29/05/2015;53974;53974;52760;52760;8668372098;52760
01/06/2015;52752;53232;52665;53031;4299922973;53031
02/06/2015;53035;54236;53035;54236;5619434098;54236
03/06/2015;54253;54253;53462;53522;5642038071;53522
05/06/2015;53517;53517;52808;52973;4816309123;52973
08/06/2015;52974;53324;52809;52809;4103817334;52809
09/06/2015;52809;53292;52687;52815;5695277731;52815
10/06/2015;52817;54102;52817;53876;6375116372;53876
11/06/2015;53876;54270;53443;53688;5400859788;53688
12/06/2015;53689;53689;53032;53347;4168673886;53347
15/06/2015;53338;53338;52548;53137;4448711384;53137
16/06/2015;53143;53968;53106;53702;5902121282;53702
17/06/2015;53697;53755;52965;53248;5093953005;53248
18/06/2015;53251;54351;53213;54238;4600916127;54238
19/06/2015;54236;54236;53479;53749;4712892991;53749
22/06/2015;53750;54341;53655;53863;4130500276;53863
23/06/2015;53864;54360;53772;53772;4421161975;53772
24/06/2015;53772;54236;53628;53842;4472182082;53842
25/06/2015;53840;53840;52879;53175;5336036551;53175
26/06/2015;53181;54076;53150;54016;4446918146;54016
29/06/2015;54012;54012;52647;53014;4116323315;53014
30/06/2015;53014;53345;52812;53080;5316460003;53080
01/07/2015;53080;53456;52603;52757;4639196786;52757
02/07/2015;52757;53356;52757;53106;4415160090;53106
03/07/2015;53105;53105;52370;52519;2254573490;52519
06/07/2015;52510;52678;51682;52149;4326895175;52149
07/07/2015;52148;52387;51129;52343;5812400962;52343
08/07/2015;52343;52467;51574;51781;4794302138;51781
10/07/2015;51782;52785;51782;52590;4694174553;52590
13/07/2015;52590;53163;52590;53119;4273663605;53119
14/07/2015;53119;53415;52652;53239;3934009488;53239
15/07/2015;53239;53333;52790;52902;4036307026;52902
16/07/2015;52902;53416;52713;53069;3293505760;53069
17/07/2015;53069;53310;52221;52341;3768280593;52341
20/07/2015;52341;52423;51525;51600;3906973577;51600
21/07/2015;51603;51997;51244;51474;4056898531;51474
22/07/2015;51473;51473;50592;50915;4472887383;50915
23/07/2015;50915;51063;49668;49806;6303745615;49806
24/07/2015;49804;49831;48624;49245;5472647488;49245
27/07/2015;49245;49298;48639;48735;4945203349;48735
28/07/2015;48740;49871;48740;49601;5989253059;49601
29/07/2015;49601;50332;49421;50245;5564614727;50245
30/07/2015;50245;50644;49612;49897;4959878589;49897
31/07/2015;49897;50894;49892;50864;5336579552;50864
03/08/2015;50866;50866;50053;50138;4337008925;50138
04/08/2015;50137;50574;49826;50058;4638968157;50058
05/08/2015;50066;50852;50066;50287;4068153324;50287
06/08/2015;50279;50534;49623;50011;5899189678;50011
07/08/2015;50013;50013;48511;48577;4954086665;48577
10/08/2015;48578;49511;48578;49353;4393811937;49353
11/08/2015;49339;49339;48305;49072;4818375645;49072
12/08/2015;49063;49063;48027;48388;6813619914;48388
13/08/2015;48389;48605;47721;48009;4871434080;48009
14/08/2015;48010;48186;47508;47508;4395861332;47508
17/08/2015;47508;47787;47217;47217;3622878970;47217
18/08/2015;47220;48084;46675;47450;5829207777;47450
19/08/2015;47450;47450;45977;46588;4874029727;46588
20/08/2015;46587;46780;46029;46649;4413207802;46649
21/08/2015;46649;46649;45676;45719;4493968918;45719
24/08/2015;45714;45714;42749;44336;6858075946;44336
25/08/2015;44337;45587;44337;44544;5441819806;44544
26/08/2015;44545;46039;44540;46038;5604119740;46038
27/08/2015;46038;47996;46038;47715;6241011664;47715
28/08/2015;47696;47872;46847;47153;5475704409;47153
31/08/2015;47151;47151;45569;46625;7229447580;46625
01/09/2015;46625;46625;45278;45477;5613033481;45477
02/09/2015;45484;46473;45445;46463;5538665937;46463
03/09/2015;46467;47532;46279;47365;6538196831;47365
04/09/2015;47365;47377;46320;46497;6690849680;46497
08/09/2015;46500;47243;46496;46762;4527367279;46762
09/09/2015;46762;47839;46614;46657;5848388764;46657
10/09/2015;46655;46819;45592;46503;6691133028;46503
11/09/2015;46508;46558;46175;46400;5045415184;46400
14/09/2015;46399;47385;46217;47281;5392660647;47281
15/09/2015;47281;47688;46745;47364;5334139797;47364
16/09/2015;47364;48680;47364;48553;6700993897;48553
17/09/2015;48552;49395;48081;48551;6386667954;48551
18/09/2015;48549;48549;46927;47264;6977102859;47264
21/09/2015;47263;47390;46424;46590;4040927266;46590
22/09/2015;46585;46585;45276;46264;5913351648;46264
23/09/2015;46262;46480;45340;45340;5689071251;45340
24/09/2015;45339;45571;44182;45291;6399047908;45291
25/09/2015;45300;45968;44697;44831;4447169865;44831
28/09/2015;44831;44831;43766;43956;4171849124;43956
29/09/2015;43956;44530;43956;44131;4340389861;44131
30/09/2015;44131;45294;44131;45059;6874705638;45059
01/10/2015;45064;45547;44788;45313;5383476504;45313
02/10/2015;45313;47033;44973;47033;5632898367;47033
05/10/2015;47033;48081;47018;47598;4793862722;47598
06/10/2015;47598;48091;47388;47735;4945556046;47735
07/10/2015;47735;49290;47714;48914;10363127964;48914
08/10/2015;48915;49247;48657;49106;5572239629;49106
09/10/2015;49105;49752;48698;49338;6510224232;49338
13/10/2015;49339;49339;47134;47362;6660510311;47362
14/10/2015;47349;47714;46700;46710;9382655368;46710
15/10/2015;46730;47187;46321;47161;5295608767;47161
16/10/2015;47161;47727;46516;47236;5349102734;47236
19/10/2015;47242;47536;46916;47447;4382020444;47447
20/10/2015;47446;47727;46622;47076;4716383226;47076
21/10/2015;47076;47273;46653;47025;4357192769;47025
22/10/2015;47026;47909;47026;47772;4611940034;47772
23/10/2015;47774;48837;47502;47596;5142495556;47596
26/10/2015;47606;47874;47104;47209;3690888551;47209
27/10/2015;47204;47338;46742;47042;4814788660;47042
28/10/2015;47037;47441;46388;46740;6027437119;46740
29/10/2015;46740;46740;45628;45628;4388957093;45628
30/10/2015;45628;45975;45400;45868;5621070450;45868
03/11/2015;45868;48053;45866;48053;7582670483;48053
04/11/2015;48058;49054;47440;47710;5910703566;47710
05/11/2015;47711;48061;47430;48046;4796915155;48046
06/11/2015;48046;48046;46397;46918;4815983279;46918
09/11/2015;46914;47000;46057;46194;3347196260;46194
10/11/2015;46195;46206;45396;46206;3741567245;46206
11/11/2015;46207;47231;46207;47065;4724117946;47065
12/11/2015;47065;47459;46695;46883;4776799062;46883
13/11/2015;46883;46883;46311;46517;4923868285;46517
16/11/2015;46518;46905;46398;46846;4586564533;46846
17/11/2015;46847;47697;46847;47247;4694775389;47247
18/11/2015;47241;47950;47241;47435;4870630454;47435
19/11/2015;47437;48226;47437;48138;5335433007;48138
23/11/2015;48138;48745;47987;48150;4912555571;48150
24/11/2015;48142;48320;47441;48284;4420592900;48284
25/11/2015;48269;48269;46742;46866;5879268416;46866
26/11/2015;46867;47199;46867;47145;3333195616;47145
27/11/2015;47144;47144;45811;45872;4341203115;45872
30/11/2015;45871;45930;45105;45120;9883396747;45120
01/12/2015;45121;45482;44775;45046;5984133029;45046
02/12/2015;45046;45338;44579;44914;6218811878;44914
03/12/2015;44923;47142;44923;46393;6584966802;46393
04/12/2015;46384;46384;45022;45360;4906581816;45360
07/12/2015;45361;46156;45217;45222;4181919583;45222
08/12/2015;45223;45233;44231;44443;4362651909;44443
09/12/2015;44444;46438;44444;46108;6603382978;46108
10/12/2015;46084;46322;45351;45630;4999315274;45630
11/12/2015;45629;45981;45068;45262;4657906539;45262
14/12/2015;45257;45257;44530;44747;3560186904;44747
15/12/2015;44748;45423;44748;44872;3841592232;44872
16/12/2015;44867;45098;44094;45015;4823642697;45015
17/12/2015;45016;46251;45016;45261;4476996389;45261
18/12/2015;45248;45248;43690;43910;6534598327;43910
21/12/2015;43912;44222;43196;43199;4623857254;43199
22/12/2015;43208;43632;43136;43469;3770219196;43469
23/12/2015;43478;44232;43478;44014;3114364655;44014
28/12/2015;44015;44087;43709;43764;2562503628;43764
29/12/2015;43781;44041;43523;43653;2285678264;43653
30/12/2015;43653;43662;43217;43349;4000419026;43349
04/01/2016;43348;43348;42125;42141;4401712400;42141
05/01/2016;42139;42533;42137;42419;3446187533;42419
06/01/2016;42409;42409;41589;41773;4698318040;41773
07/01/2016;41772;41772;40694;40694;5108162624;40694
08/01/2016;40695;41217;40463;40612;3944526753;40612
11/01/2016;40612;40973;39924;39950;3877178244;39950
12/01/2016;39954;40261;39425;39513;3959564054;39513
13/01/2016;39518;40050;38822;38944;3974186035;38944
14/01/2016;38944;39501;38458;39500;4151112806;39500
15/01/2016;39493;39493;37986;38569;4823569277;38569
18/01/2016;38572;38633;37937;37937;2404352534;37937
19/01/2016;37941;38856;37941;38057;3397401261;38057
20/01/2016;38056;38056;37046;37645;4369237842;37645
21/01/2016;37647;38079;37494;37717;4258079696;37717
22/01/2016;37736;38443;37736;38031;4326629010;38031
26/01/2016;38031;38031;37112;37497;3955837623;37497
27/01/2016;37500;38765;37402;38376;5248956121;38376
28/01/2016;38376;39099;37996;38630;4410423889;38630
29/01/2016;38634;40405;38634;40405;6403942714;40405
01/02/2016;40396;40570;39738;40570;4098876902;40570
02/02/2016;40563;40563;38596;38596;5495553519;38596
03/02/2016;38596;39725;38596;39588;5192529575;39588
04/02/2016;39589;41444;39589;40821;6103939710;40821
05/02/2016;40811;41248;40565;40592;4254582289;40592
10/02/2016;40592;40592;39960;40376;2662975911;40376
11/02/2016;40370;40370;38927;39318;4125913104;39318
12/02/2016;39324;39900;39324;39808;3806259145;39808
15/02/2016;39808;40671;39808;40092;1930138653;40092
16/02/2016;40093;41206;40074;40947;4191441786;40947
17/02/2016;40957;42436;40957;41630;6053143044;41630
18/02/2016;41623;41697;41183;41477;4010557110;41477
19/02/2016;41476;41827;41070;41543;3559860074;41543
22/02/2016;41544;43345;41544;43234;5564815164;43234
23/02/2016;43235;43601;42358;42520;4353881134;42520
24/02/2016;42520;42520;41210;42084;3890582676;42084
25/02/2016;42083;42326;41441;41887;4108357723;41887
26/02/2016;41889;42495;41416;41593;3757703667;41593
29/02/2016;41599;43052;41599;42793;5962680695;42793
01/03/2016;42795;44181;42795;44121;5964768537;44121
02/03/2016;44121;44982;43841;44893;6515363741;44893
03/03/2016;44900;47374;44900;47193;11162141027;47193
04/03/2016;47193;50023;47193;49084;14726877719;49084
07/03/2016;49089;49639;48746;49246;7667127680;49246
08/03/2016;49244;49913;48846;49102;9822264099;49102
09/03/2016;49102;50000;48623;48665;8318696663;48665
10/03/2016;48666;49974;47922;49571;10035897690;49571
11/03/2016;49573;50038;49156;49638;8386473524;49638
14/03/2016;49639;50165;48756;48867;6484359452;48867
15/03/2016;48866;48866;46684;47130;7046248314;47130
16/03/2016;47129;47813;46520;47763;6661453767;47763
17/03/2016;47770;51268;47770;50913;11030515908;50913
18/03/2016;50915;51307;50202;50814;7628934809;50814
21/03/2016;50815;51370;50764;51171;5507688706;51171
22/03/2016;51170;51215;50811;51010;5603244980;51010
23/03/2016;51004;51004;49490;49690;4997850993;49690
24/03/2016;49686;49686;48777;49657;5033343503;49657
28/03/2016;49686;51149;49686;50838;5112519792;50838
29/03/2016;50839;51764;50387;51154;6048689164;51154
30/03/2016;51154;52261;50899;51248;6554777764;51248
31/03/2016;51248;51248;49642;50055;6703912710;50055
01/04/2016;50054;50767;49360;50561;5513918866;50561
04/04/2016;50556;50556;48600;48779;4576274695;48779
05/04/2016;48778;49629;48148;49053;4830489083;49053
06/04/2016;49053;49053;47873;48096;4938997621;48096
07/04/2016;48099;48940;48099;48513;4067988358;48513
08/04/2016;48517;50485;48517;50292;6808092410;50292
11/04/2016;50303;51088;50078;50165;5761402551;50165
12/04/2016;50166;52327;50166;52001;7374948717;52001
13/04/2016;52009;53843;52009;53149;9121371433;53149
14/04/2016;53150;53699;52242;52411;7381007201;52411
15/04/2016;52414;53390;52414;53227;7221396973;53227
18/04/2016;53228;53478;52305;52894;6660997555;52894
19/04/2016;52894;54054;52894;53710;6792706737;53710
20/04/2016;53710;53857;53148;53630;6389704745;53630
22/04/2016;53630;53630;52629;52907;6199751013;52907
25/04/2016;52911;52948;51748;51861;4683702639;51861
26/04/2016;51867;53107;51838;53082;5239208607;53082
27/04/2016;53094;54559;53094;54477;7152990835;54477
28/04/2016;54475;54977;53963;54311;6601299845;54311
29/04/2016;54316;54705;53591;53910;7856100090;53910
02/05/2016;53909;54112;53265;53561;4871129052;53561
03/05/2016;53557;53557;52260;52260;5800259944;52260
04/05/2016;52253;52672;51930;52552;5864678689;52552
05/05/2016;52568;53070;51310;51671;4861190420;51671
06/05/2016;51670;52158;51204;51717;4664090609;51717
09/05/2016;51716;51716;49907;50990;6692497302;50990
10/05/2016;50994;53070;50994;53070;6091987284;53070
11/05/2016;53072;53976;52735;52764;6421206635;52764
12/05/2016;52765;53798;52424;53241;7023896899;53241
13/05/2016;53236;53249;51365;51804;6199721528;51804
16/05/2016;51803;52305;51584;51802;4608251023;51802
17/05/2016;51795;51946;50689;50839;5352426999;50839
18/05/2016;50836;51373;50300;50561;5728623358;50561
19/05/2016;50556;50556;49588;50132;5138127525;50132
20/05/2016;50132;50821;49722;49722;4371448750;49722
23/05/2016;49709;49709;48694;49330;4506427977;49330
24/05/2016;49330;50002;49152;49345;4081995747;49345
25/05/2016;49346;50356;49346;49482;4615317561;49482
27/05/2016;49481;49805;48868;49051;3662537312;49051
30/05/2016;49051;49203;48799;48964;1516009870;48964
31/05/2016;48963;49269;48291;48471;8214487191;48471
01/06/2016;48468;49056;48199;49012;4631289702;49012
02/06/2016;49007;49905;48780;49887;4950142272;49887
03/06/2016;49888;50634;49888;50619;4666545476;50619
06/06/2016;50627;50923;50097;50431;4001111697;50431
07/06/2016;50431;50641;50004;50487;4045275754;50487
08/06/2016;50490;51811;50490;51629;6009864903;51629
09/06/2016;51632;51632;50831;51118;4431127845;51118
10/06/2016;51117;51117;49420;49422;4205241870;49422
13/06/2016;49418;49763;48803;49660;3713088317;49660
14/06/2016;49662;49894;48216;48648;5326209117;48648
15/06/2016;48649;49414;48323;48914;6777856772;48914
16/06/2016;48900;49411;48066;49411;4917167220;49411
17/06/2016;49409;50190;49404;49533;5937309553;49533
20/06/2016;49539;50781;49539;50329;4925167233;50329
21/06/2016;50326;50870;49677;50837;4782330837;50837
22/06/2016;50834;51238;50060;50156;4999758441;50156
23/06/2016;50160;51672;50160;51559;4274129875;51559
24/06/2016;51561;51561;49544;50105;5733189109;50105
27/06/2016;50105;50161;48954;49245;4538668788;49245
28/06/2016;49252;50301;49252;50006;4771917384;50006
29/06/2016;50009;51229;50009;51001;6242715434;51001
30/06/2016;51001;51619;50585;51526;6784568936;51526
01/07/2016;51540;52346;51411;52233;6150671180;52233
04/07/2016;52241;52917;52241;52568;2800461169;52568
05/07/2016;52565;52565;51510;51842;4407628245;51842
06/07/2016;51842;51908;50824;51901;4292090248;51901
07/07/2016;51901;52718;51888;52014;5169725902;52014
08/07/2016;52019;53166;52019;53140;4783570520;53140
11/07/2016;53143;54020;53143;53960;4886129638;53960
12/07/2016;53960;54746;53960;54256;5711792671;54256
13/07/2016;54256;54646;53732;54598;5510931407;54598
14/07/2016;54600;55633;54600;55480;7051323304;55480
15/07/2016;55481;55648;55233;55578;5490856064;55578
18/07/2016;55573;56508;55355;56484;5872017115;56484
19/07/2016;56487;56698;56246;56698;5839281228;56698
20/07/2016;56698;56927;56220;56578;5743000169;56578
21/07/2016;56578;56906;56232;56641;5274780683;56641
22/07/2016;56641;57170;56518;57002;4471326716;57002
25/07/2016;57006;57205;56397;56872;4479895960;56872
26/07/2016;56876;57309;56707;56782;5116462337;56782
27/07/2016;56788;57380;56788;56852;5582209441;56852
28/07/2016;56853;56853;55992;56667;5516035569;56667
29/07/2016;56663;57473;56339;57308;7018720965;57308
01/08/2016;57309;57729;56675;56755;5268478474;56755
02/08/2016;56755;56973;55695;56162;5817082844;56162
03/08/2016;56157;57101;55787;57076;5860235877;57076
04/08/2016;57075;58030;57075;57593;6305770960;57593
05/08/2016;57609;57950;57289;57661;5078564129;57661
08/08/2016;57655;57917;57504;57635;4362117977;57635
09/08/2016;57637;58094;57615;57689;4388767148;57689
10/08/2016;57690;57952;56735;56919;5146166201;56919
11/08/2016;56925;58308;56922;58299;5952155308;58299
12/08/2016;58299;58753;57986;58298;5965291485;58298
15/08/2016;58316;59323;58316;59145;4994693494;59145
16/08/2016;59144;59187;58589;58855;5816269928;58855
17/08/2016;58846;59323;58081;59323;6667790724;59323
18/08/2016;59323;59417;58828;59166;5301622662;59166
19/08/2016;59158;59239;58599;59098;4250399273;59098
22/08/2016;59079;59098;57631;57781;4727818143;57781
23/08/2016;57781;58596;57781;58020;5540692034;58020
24/08/2016;58019;58332;57456;57717;4803818219;57717
25/08/2016;57717;58123;57638;57722;4606725644;57722
26/08/2016;57724;58655;57259;57716;5811900048;57716
29/08/2016;57717;58957;57641;58610;4344364706;58610
30/08/2016;58610;58881;58292;58575;4275952972;58575
31/08/2016;58579;58910;57506;57901;7037856301;57901
01/09/2016;57901;58416;57637;58236;6461206086;58236
02/09/2016;58240;59654;58240;59616;6258024435;59616
05/09/2016;59616;59985;59402;59566;2705967071;59566
06/09/2016;59565;60129;59182;60129;5053043457;60129
08/09/2016;60129;60310;59742;60231;6386314743;60231
09/09/2016;60220;60220;57961;57999;6453027289;57999
12/09/2016;57998;58595;57511;58586;5496071530;58586
13/09/2016;58579;58579;56459;56820;6824120755;56820
14/09/2016;56812;57341;56694;57059;4957205529;57059
15/09/2016;57068;58127;57068;57909;4582726849;57909
16/09/2016;57909;57909;56794;57079;6091129413;57079
19/09/2016;57082;58024;57082;57350;4227126230;57350
20/09/2016;57355;57902;57355;57736;4341155028;57736
21/09/2016;57736;58574;57326;58393;6036343806;58393
22/09/2016;58407;59462;58407;58994;5350754772;58994
23/09/2016;58992;59130;58408;58697;4531698502;58697
26/09/2016;58697;58697;57904;58053;3520204551;58053
27/09/2016;58066;58490;57410;58382;4606531381;58382
28/09/2016;58382;59415;58353;59355;5102557952;59355
29/09/2016;59345;59621;58291;58350;5056168585;58350
30/09/2016;58349;58900;58271;58367;5014374780;58367
03/10/2016;58370;59548;58366;59461;4901364336;59461
04/10/2016;59461;59579;58891;59339;6596404437;59339
05/10/2016;59340;60477;59340;60254;5638369327;60254
06/10/2016;60254;60723;60070;60644;5711996820;60644
07/10/2016;60645;61274;60478;61108;6944587636;61108
10/10/2016;61130;61756;61130;61668;5335272702;61668
11/10/2016;61668;61668;60884;61021;6409458288;61021
13/10/2016;61020;61328;60243;61118;8912762436;61118
14/10/2016;61120;62038;61120;61767;7316118987;61767
17/10/2016;61767;62696;61718;62696;6452666660;62696
18/10/2016;62701;63937;62701;63782;7928402847;63782
19/10/2016;63783;64088;63308;63505;6206674331;63505
20/10/2016;63494;63927;62728;63837;5980503544;63837
21/10/2016;63838;64371;63378;64108;6071317529;64108
24/10/2016;64140;64691;63913;64059;5949488736;64059
25/10/2016;64058;64266;63247;63866;6664820540;63866
26/10/2016;63859;63924;63083;63825;7427990139;63825
27/10/2016;63827;64608;63827;64249;6565769135;64249
28/10/2016;64250;64728;63777;64307;6564977724;64307
31/10/2016;64311;65054;64311;64924;6936414644;64924
01/11/2016;64921;65291;63018;63326;7765001875;63326
03/11/2016;63324;63523;61750;61750;7338171231;61750
04/11/2016;61749;62698;61491;61598;6605883881;61598
07/11/2016;61600;64193;61600;64051;5800334257;64051
08/11/2016;64051;64767;63381;64157;5613521097;64157
09/11/2016;64157;64358;61794;63258;9573427067;63258
10/11/2016;63260;63903;60553;61200;13788038338;61200
11/11/2016;61198;61626;58920;59183;13665397539;59183
14/11/2016;59183;59961;58322;59657;8832336690;59657
16/11/2016;59658;60915;59363;60759;8185857483;60759
17/11/2016;60762;61492;59745;59770;6670320241;59770
18/11/2016;59770;60193;59327;59961;5949702528;59961
21/11/2016;59962;61070;59962;61070;6276029779;61070
22/11/2016;61072;62549;61072;61954;7146034913;61954
23/11/2016;61955;62046;61233;61985;5657284659;61985
24/11/2016;61998;62104;61392;61395;2497462565;61395
25/11/2016;61393;61559;60572;61559;4492791496;61559
28/11/2016;61558;62934;61240;62855;5107412796;62855
29/11/2016;62858;62858;60979;60986;6474872584;60986
30/11/2016;60994;62589;60994;61906;8504769628;61906
01/12/2016;61906;61910;59058;59506;9995236336;59506
02/12/2016;59498;60378;58092;60316;7512935392;60316
05/12/2016;60322;60720;59635;59831;5015676821;59831
06/12/2016;59828;61234;59395;61088;6487045800;61088
07/12/2016;61110;61917;61062;61414;6880189855;61414
08/12/2016;61429;61935;60499;60676;5427315198;60676
09/12/2016;60688;61129;60315;60500;6307487660;60500
12/12/2016;60516;60516;59034;59178;5615149379;59178
13/12/2016;59177;59946;58757;59280;6367287426;59280
14/12/2016;59280;59337;58212;58212;6769386527;58212
15/12/2016;58213;58635;57574;58396;6172118811;58396
16/12/2016;58397;59311;58365;58389;6580893236;58389
19/12/2016;58390;58599;57109;57110;5830645120;57110
20/12/2016;57115;57918;57038;57582;4815492319;57582
21/12/2016;57583;58049;57221;57646;4236179356;57646
22/12/2016;57645;57645;56828;57255;4951828492;57255
23/12/2016;57255;58142;57255;57937;3918750683;57937
26/12/2016;57940;58781;57940;58620;1174756496;58620
27/12/2016;58627;59067;58402;58696;2841011883;58696
28/12/2016;58688;59911;58688;59781;3532731121;59781
29/12/2016;59781;60248;59277;60227;3982297013;60227
02/01/2017;60227;60227;59370;59588;1439010028;59588
